Company No.,Groceries,Confectionaries,Pharamceuticals,Stationary
0,662,640,828,402
1,848,534,758,757
2,820,669,602,704
3,792,557,502,502
4,948,623,668,658
5,437,573,602,628
6,780,838,711,649
7,972,672,767,602
8,604,647,588,676
9,943,824,554,532
10,741,456,425,675
11,595,796,849,637
12,445,834,546,783
13,866,404,805,511
14,644,487,998,552
15,508,870,967,951
16,535,922,999,515
17,434,493,575,670
18,481,561,769,556
19,793,432,891,683
20,566,420,777,867
21,997,435,919,492
22,857,990,872,800
23,890,779,762,410
24,996,588,666,532
25,658,979,917,483
26,775,986,812,689
27,841,522,882,731
28,487,632,937,718
29,638,994,850,460
30,959,425,408,967
31,812,477,426,469
32,556,779,974,656
33,612,492,856,869
34,812,803,411,769
35,582,646,558,955
36,769,825,805,527
37,995,880,572,830
38,498,611,999,620
39,769,843,731,682
40,732,702,563,720
41,646,409,531,696
42,703,668,525,705
43,997,767,437,852
44,908,494,475,780
45,996,750,963,912
46,551,846,714,756
47,622,400,659,632
48,439,513,542,540
49,776,716,891,988
50,427,678,430,719
51,647,654,823,576
52,603,839,746,437
53,725,956,449,519
54,410,879,537,661
55,419,956,520,956
56,447,862,806,789
57,853,478,965,468
58,696,420,490,479
59,593,828,628,873
60,747,879,581,486
61,997,474,496,426
62,627,985,600,582
63,551,817,584,652
64,511,708,749,767
65,614,725,471,646
66,628,931,474,730
67,434,422,741,938
68,777,499,616,403
69,883,926,853,828
70,444,948,463,661
71,487,692,916,737
72,456,939,941,693
73,814,861,410,681
74,774,643,893,700
75,941,750,965,763
76,631,926,546,617
77,484,669,853,657
78,952,848,451,471
79,531,569,763,993
80,930,608,962,982
81,585,757,561,915
82,939,812,503,743
83,815,607,518,610
84,571,714,461,564
85,902,642,992,516
86,931,645,630,566
87,435,448,801,955
88,694,506,502,662
89,973,579,836,519
90,431,768,439,413
91,867,775,838,919
92,628,716,494,406
93,502,445,740,775
94,517,546,898,966
95,812,407,713,713
96,808,835,628,933
97,651,445,583,413
98,819,592,795,550
99,911,995,969,490
100,846,661,862,909
101,930,423,649,402
102,465,549,631,749
103,802,489,489,454
104,814,645,979,447
105,594,632,784,473
106,991,992,925,944
107,444,985,563,464
108,983,510,546,414
109,681,719,567,636
110,824,916,736,670
111,956,599,773,630
112,757,493,517,622
113,918,699,751,491
114,672,837,415,809
115,741,538,818,501
116,417,997,595,923
117,892,542,861,994
118,537,401,522,900
119,789,471,581,914
120,589,642,515,540
121,502,866,575,967
122,801,902,630,604
123,946,458,486,944
124,610,637,434,812
125,920,791,557,529
126,434,784,840,708
127,558,442,833,432
128,945,938,673,871
129,766,492,665,403
130,941,555,794,408
131,541,660,842,892
132,667,843,923,786
133,827,903,773,621
134,476,580,576,763
135,963,572,684,823
136,930,409,950,758
137,905,947,523,875
138,505,483,937,683
139,962,616,404,658
140,429,452,856,722
141,598,785,507,501
142,671,887,611,960
143,959,733,507,669
144,883,661,490,712
145,520,464,666,802
146,977,892,608,664
147,543,763,704,450
148,759,414,614,516
149,419,853,847,442
150,670,601,604,935
151,794,776,612,458
152,743,834,613,917
153,488,861,823,943
154,720,473,700,668
155,460,842,771,736
156,871,548,955,650
157,632,584,728,796
158,744,934,795,975
159,915,668,968,813
160,505,905,700,988
161,977,731,465,892
162,776,860,492,673
163,415,923,871,627
164,856,765,722,907
165,509,448,863,838
166,680,973,478,789
167,805,530,633,649
168,416,777,615,914
169,520,767,469,852
170,729,642,878,401
171,974,594,650,792
172,656,505,490,723
173,656,913,530,480
174,437,584,427,844
175,645,607,488,521
176,755,671,911,687
177,792,431,988,566
178,531,538,889,965
179,461,596,831,459
180,974,681,998,777
181,900,843,712,759
182,968,849,589,652
183,898,963,908,839
184,815,840,478,463
185,556,693,420,424
186,746,785,912,626
187,945,791,791,830
188,510,930,681,814
189,584,556,635,413
190,627,791,691,894
191,972,922,583,838
192,485,820,954,619
193,550,975,642,853
194,699,757,771,630
195,436,975,449,466
196,687,545,597,579
197,618,751,991,805
198,478,894,755,480
199,837,505,452,468
200,483,748,803,652
201,547,955,566,797
202,957,637,804,551
203,780,670,906,508
204,493,595,522,609
205,445,764,533,551
206,708,515,420,668
207,421,556,535,684
208,775,484,585,540
209,889,495,550,989
210,674,880,617,556
211,601,729,773,614
212,802,828,774,780
213,652,971,706,601
214,866,676,526,880
215,516,562,833,941
216,558,770,892,583
217,655,593,592,942
218,700,481,872,994
219,736,702,813,590
220,798,439,879,585
221,861,996,873,665
222,965,869,555,890
223,603,693,464,526
224,819,595,604,880
225,612,620,699,504
226,477,643,524,867
227,478,451,857,816
228,599,584,921,664
229,957,405,757,589
230,744,576,603,628
231,785,597,935,548
232,828,920,413,840
233,827,565,424,978
234,804,477,773,497
235,989,906,807,786
236,455,948,958,425
237,601,564,771,863
238,695,466,745,585
239,441,410,575,909
240,664,596,996,503
241,489,637,647,580
242,458,598,648,874
243,555,487,405,604
244,653,460,902,602
245,772,681,676,732
246,946,444,515,658
247,687,642,672,708
248,629,812,669,917
249,517,639,646,441
250,890,425,814,910
251,716,431,919,505
252,874,760,431,650
253,623,890,476,737
254,648,952,563,902
255,989,667,731,489
256,803,998,420,613
257,668,625,634,723
258,513,671,556,678
259,734,701,563,468
260,409,768,881,898
261,669,763,746,811
262,914,974,933,681
263,621,904,567,765
264,709,486,688,801
265,906,413,733,420
266,595,583,424,714
267,583,910,414,463
268,947,735,699,907
269,866,461,895,636
270,542,668,681,641
271,841,670,728,701
272,841,474,447,862
273,468,487,811,721
274,595,653,836,973
275,799,473,477,911
276,853,979,946,492
277,547,450,622,706
278,904,430,723,924
279,979,693,689,961
280,416,947,600,537
281,719,775,665,583
282,754,567,643,764
283,452,623,452,508
284,719,458,453,632
285,479,746,558,464
286,958,567,862,438
287,425,475,691,477
288,463,510,914,745
289,816,652,782,763
290,510,895,910,675
291,503,800,955,432
292,624,511,966,654
293,933,609,996,669
294,863,818,456,771
295,939,744,400,613
296,507,962,528,820
297,480,709,943,531
298,767,598,569,488
299,831,986,993,753
300,826,971,596,972
301,753,838,408,591
302,861,545,555,955
303,795,787,827,932
304,462,910,402,854
305,931,784,437,803
306,541,590,635,675
307,809,808,796,920
308,807,903,504,920
309,443,672,925,842
310,464,408,850,763
311,813,471,667,511
312,746,933,912,981
313,955,676,442,779
314,627,723,873,555
315,821,658,446,619
316,445,425,950,606
317,866,749,793,769
318,713,568,740,618
319,606,466,545,660
320,628,415,821,611
321,439,668,562,960
322,432,552,624,973
323,480,467,735,936
324,405,649,574,445
325,956,953,497,991
326,876,629,572,595
327,506,794,873,944
328,873,410,424,604
329,450,814,648,972
330,706,801,635,404
331,450,939,946,450
332,678,791,542,839
333,956,556,402,644
334,600,902,488,827
335,515,817,510,423
336,409,405,815,439
337,730,546,515,885
338,874,756,935,509
339,607,549,869,811
340,969,704,714,400
341,455,860,719,450
342,819,402,991,690
343,625,922,420,894
344,707,789,595,573
345,934,463,502,849
346,666,911,973,991
347,799,675,572,809
348,802,756,414,498
349,424,658,877,877
350,512,995,711,721
351,853,548,569,425
352,554,561,744,609
353,794,654,483,870
354,881,939,711,672
355,807,823,816,578
356,497,437,672,702
357,859,483,498,918
358,403,428,419,547
359,500,701,674,952
360,432,580,703,439
361,610,839,815,934
362,719,407,940,565
363,558,996,552,554
364,961,897,596,765
365,815,644,417,502
366,491,625,749,845
367,571,930,717,694
368,443,697,910,647
369,473,546,463,674
370,912,554,630,994
371,829,632,716,518
372,440,990,577,722
373,731,882,657,664
374,609,809,588,595
375,789,750,521,667
376,455,701,994,869
377,411,952,963,857
378,884,912,806,466
379,544,479,726,640
380,430,517,711,446
381,915,763,816,576
382,982,999,861,731
383,539,696,809,540
384,855,853,605,763
385,751,641,809,649
386,503,954,722,982
387,782,530,518,593
388,828,690,745,647
389,443,485,425,744
390,627,750,416,796
391,871,725,570,465
392,631,567,649,412
393,675,416,515,802
394,647,602,864,857
395,406,885,699,602
396,803,760,572,954
397,976,592,449,523
398,734,851,564,409
399,826,467,437,685
400,590,531,987,911
401,580,839,681,900
402,410,429,881,859
403,931,594,847,929
404,941,700,848,420
405,713,779,739,576
406,814,713,644,533
407,730,839,539,633
408,838,591,923,567
409,985,509,911,618
410,699,657,715,496
411,761,539,715,651
412,547,413,742,636
413,912,507,873,779
414,487,412,794,983
415,777,473,957,671
416,955,834,644,979
417,452,562,438,692
418,551,649,942,692
419,894,450,637,443
420,991,645,638,903
421,597,703,430,597
422,893,641,654,978
423,584,416,433,658
424,400,986,546,619
425,625,915,436,694
426,870,978,705,991
427,526,659,836,630
428,948,909,545,783
429,899,522,932,486
430,446,576,841,873
431,976,756,728,965
432,751,628,730,409
433,542,618,789,529
434,965,786,913,718
435,631,920,522,782
436,438,435,947,898
437,986,886,492,815
438,692,799,701,925
439,409,411,846,465
440,611,865,443,751
441,537,936,634,504
442,789,612,830,495
443,577,436,495,534
444,901,499,954,924
445,852,412,894,460
446,542,730,794,425
447,998,805,991,762
448,438,846,728,436
449,686,975,626,741
450,656,548,623,932
451,489,656,875,671
452,572,544,953,920
453,654,863,489,499
454,910,946,970,877
455,933,544,829,866
456,787,525,874,722
457,428,841,711,947
458,891,409,772,509
459,953,442,817,798
460,722,940,828,710
461,504,455,633,990
462,676,481,891,916
463,549,948,703,678
464,661,567,807,621
465,813,601,847,721
466,795,847,507,834
467,681,674,912,570
468,673,935,915,531
469,859,723,434,951
470,472,941,487,502
471,503,528,547,655
472,836,471,956,821
473,517,434,905,782
474,985,797,663,695
475,535,407,727,683
476,624,776,426,883
477,700,535,665,917
478,630,595,844,430
479,677,760,729,507
480,697,437,828,819
481,522,761,835,892
482,440,532,558,752
483,857,681,582,918
484,515,962,925,556
485,975,410,720,863
486,526,466,547,468
487,906,940,685,663
488,558,991,471,846
489,468,980,652,562
490,908,800,746,474
491,485,574,776,782
492,948,501,893,545
493,873,611,556,685
494,444,734,714,655
495,655,923,675,516
496,961,555,535,429
497,540,589,482,583
498,404,878,869,704
499,568,764,657,465
500,471,505,537,423
501,641,789,526,463
502,640,482,613,955
503,591,976,512,478
504,663,929,857,738
505,429,933,491,581
506,876,693,526,898
507,504,778,908,933
508,803,674,861,873
509,858,490,921,994
510,569,524,547,894
511,576,539,982,696
512,471,813,767,568
513,640,518,407,483
514,576,540,888,569
515,868,955,695,524
516,487,722,627,793
517,446,886,975,857
518,583,831,432,741
519,642,846,615,518
520,623,902,814,685
521,783,914,586,826
522,442,423,638,537
523,773,835,506,778
524,441,782,460,774
525,812,507,403,695
526,470,751,763,474
527,713,489,475,889
528,788,478,815,409
529,416,535,819,943
530,620,815,586,830
531,791,832,532,621
532,600,543,914,838
533,978,894,628,938
534,753,823,618,712
535,716,889,562,856
536,683,879,802,505
537,671,900,491,690
538,411,560,510,929
539,649,903,925,865
540,694,492,870,438
541,431,765,891,811
542,904,530,456,879
543,836,591,432,412
544,543,792,980,917
545,656,872,471,512
546,857,601,654,785
547,480,420,695,662
548,837,575,835,615
549,819,993,923,682
550,947,773,755,836
551,532,703,657,947
552,834,740,488,830
553,433,587,950,772
554,540,524,424,938
555,990,837,951,421
556,813,636,540,791
557,550,597,549,822
558,939,551,845,603
559,849,761,535,821
560,802,516,942,527
561,559,778,446,728
562,717,500,457,764
563,622,849,871,450
564,796,774,589,693
565,841,716,788,451
566,641,556,806,489
567,589,538,977,717
568,758,910,731,563
569,729,841,906,557
570,724,591,482,765
571,941,944,492,898
572,456,436,429,470
573,609,722,697,435
574,858,904,493,650
575,721,629,629,749
576,419,869,401,848
577,453,580,773,490
578,611,500,826,468
579,798,699,892,907
580,727,937,775,731
581,814,992,939,594
582,989,931,432,832
583,640,456,494,806
584,553,525,578,552
585,903,770,734,905
586,569,890,426,530
587,428,975,907,831
588,416,962,887,477
589,677,510,731,880
590,790,466,856,707
591,964,547,850,964
592,724,497,403,830
593,724,885,764,928
594,938,611,438,476
595,902,441,558,989
596,533,934,544,756
597,919,402,502,771
598,796,586,759,757
599,516,675,609,940
600,908,509,551,491
601,966,903,797,518
602,641,714,592,961
603,697,636,872,572
604,973,522,775,481
605,925,792,815,815
606,637,414,564,523
607,904,413,612,870
608,798,868,763,633
609,903,750,566,772
610,753,686,884,687
611,923,650,682,748
612,597,775,828,548
613,717,606,543,995
614,475,773,691,855
615,975,433,959,816
616,417,498,804,893
617,740,817,690,457
618,823,452,851,650
619,637,480,665,482
620,983,628,469,410
621,595,570,685,452
622,957,448,707,847
623,595,616,421,927
624,792,724,531,635
625,663,829,638,904
626,413,971,893,973
627,852,527,826,561
628,457,658,940,846
629,671,567,904,996
630,970,519,841,734
631,990,464,964,562
632,740,508,926,490
633,919,475,649,763
634,961,841,943,531
635,509,489,542,918
636,858,443,606,417
637,613,988,674,581
638,426,517,857,877
639,750,777,434,686
640,744,647,874,407
641,456,458,706,594
642,632,904,654,872
643,465,538,520,573
644,678,784,787,881
645,588,488,776,872
646,559,876,854,772
647,818,760,556,585
648,723,670,636,801
649,765,484,532,559
650,613,712,655,988
651,440,820,969,757
652,630,530,534,579
653,740,754,810,708
654,514,417,677,561
655,637,851,820,436
656,764,737,600,668
657,573,948,625,608
658,852,807,559,822
659,715,464,458,701
660,887,548,445,498
661,903,801,418,779
662,713,891,898,580
663,929,712,685,502
664,562,572,800,807
665,423,941,608,840
666,709,961,719,569
667,710,600,572,886
668,994,806,879,857
669,610,401,654,547
670,645,744,646,950
671,658,874,419,495
672,773,473,631,643
673,931,674,764,750
674,645,424,793,808
675,602,846,466,879
676,924,551,836,983
677,920,400,727,693
678,603,899,677,584
679,674,409,556,435
680,790,752,817,952
681,542,418,446,576
682,405,573,447,667
683,530,600,774,640
684,711,853,923,953
685,414,979,779,701
686,763,978,400,763
687,641,834,880,851
688,431,661,873,624
689,713,442,458,713
690,402,689,672,818
691,645,574,594,499
692,618,897,528,488
693,638,762,927,704
694,721,725,925,705
695,443,750,450,489
696,935,889,657,667
697,609,902,829,704
698,992,699,563,599
699,710,558,873,994
700,918,472,586,955
701,617,551,844,772
702,644,971,483,953
703,839,733,826,749
704,921,509,836,656
705,825,486,999,737
706,409,405,931,886
707,851,843,503,944
708,599,784,583,715
709,644,582,754,701
710,799,567,650,751
711,499,532,726,886
712,894,619,869,584
713,560,598,841,528
714,500,598,957,860
715,914,646,593,441
716,774,670,429,548
717,817,417,980,702
718,964,937,936,608
719,534,505,576,548
720,405,426,721,669
721,817,725,478,441
722,412,580,677,789
723,863,900,871,792
724,560,671,812,612
725,657,445,531,575
726,983,647,917,696
727,600,926,661,741
728,939,411,968,713
729,767,514,728,957
730,492,872,408,927
731,785,453,698,534
732,948,793,855,635
733,623,908,501,897
734,454,444,885,754
735,690,542,717,419
736,459,457,525,637
737,520,499,405,649
738,687,811,534,717
739,579,575,486,446
740,584,922,518,552
741,867,488,586,544
742,826,540,500,841
743,435,781,954,997
744,926,455,663,575
745,576,802,588,616
746,871,910,735,655
747,627,800,785,928
748,650,453,942,449
749,620,974,686,507
750,446,473,868,985
751,506,463,467,772
752,622,530,652,681
753,835,653,612,738
754,741,756,899,843
755,669,430,749,594
756,712,490,759,696
757,470,770,879,975
758,665,784,987,735
759,673,883,747,460
760,730,671,520,548
761,857,910,583,506
762,942,849,453,561
763,834,867,820,403
764,567,458,738,654
765,676,992,646,928
766,496,962,756,831
767,471,940,937,660
768,875,962,683,868
769,993,854,420,623
770,659,725,451,449
771,530,418,543,911
772,548,486,410,825
773,716,865,877,453
774,957,726,778,960
775,669,441,646,707
776,464,535,822,885
777,556,547,609,476
778,826,965,967,431
779,510,699,787,606
780,999,809,697,978
781,540,434,783,674
782,504,707,941,456
783,875,676,701,848
784,695,572,980,905
785,991,840,774,712
786,483,624,506,553
787,704,822,899,631
788,830,908,511,481
789,462,415,905,719
790,523,716,659,802
791,997,501,896,888
792,431,732,928,715
793,708,779,409,620
794,900,722,652,598
795,786,621,615,919
796,429,489,667,525
797,500,466,700,790
798,833,488,672,693
799,695,536,646,421
800,699,965,629,685
801,988,448,565,599
802,540,761,529,589
803,635,759,797,766
804,444,867,410,797
805,587,999,804,606
806,717,663,856,673
807,486,488,945,725
808,853,714,836,737
809,763,558,400,455
810,545,565,663,817
811,590,987,638,548
812,608,923,792,411
813,598,998,422,586
814,666,440,869,777
815,613,788,762,707
816,623,665,615,876
817,476,539,843,939
818,455,411,653,662
819,494,771,406,751
820,900,696,513,778
821,650,595,580,576
822,865,731,720,954
823,649,552,408,811
824,968,715,632,537
825,802,854,819,533
826,819,710,477,571
827,467,622,765,924
828,833,753,436,407
829,833,705,767,723
830,638,429,621,442
831,433,698,994,738
832,403,705,476,539
833,432,520,537,470
834,764,467,706,420
835,943,876,945,857
836,490,509,786,496
837,785,431,987,865
838,604,701,935,549
839,900,897,454,667
840,671,869,701,685
841,793,780,668,648
842,692,457,762,564
843,659,961,851,986
844,632,627,581,725
845,632,852,702,670
846,547,497,413,415
847,863,485,854,763
848,897,470,892,676
849,821,937,907,752
850,489,670,886,608
851,761,404,562,702
852,557,621,877,789
853,977,872,837,577
854,717,921,718,812
855,483,491,991,986
856,755,801,771,890
857,598,982,631,503
858,527,633,657,605
859,787,510,607,591
860,754,721,474,966
861,737,543,820,753
862,922,937,633,961
863,510,683,837,707
864,431,875,693,991
865,760,834,887,508
866,528,625,840,630
867,728,910,929,858
868,426,498,862,635
869,693,597,572,749
870,526,534,428,652
871,815,610,652,988
872,434,973,759,433
873,814,670,469,532
874,890,443,699,746
875,570,972,941,706
876,890,771,923,851
877,584,658,980,976
878,430,692,945,989
879,469,842,883,622
880,906,912,504,967
881,960,903,890,574
882,604,977,759,727
883,585,834,753,432
884,896,904,493,762
885,589,992,491,425
886,936,784,981,456
887,948,857,646,942
888,816,711,758,851
889,489,831,910,563
890,711,727,980,720
891,591,804,715,432
892,577,415,496,995
893,667,953,853,915
894,952,492,431,405
895,771,651,438,786
896,720,623,409,868
897,638,805,653,842
898,436,505,951,742
899,598,892,465,507
900,823,995,742,901
901,887,410,732,576
902,785,659,920,621
903,690,636,820,994
904,828,939,890,442
905,777,754,791,838
906,451,578,957,868
907,660,674,659,741
908,965,801,457,686
909,611,809,890,898
910,491,848,765,862
911,977,596,543,596
912,876,753,676,422
913,522,442,634,717
914,751,480,545,938
915,872,692,675,506
916,423,866,586,839
917,893,835,523,640
918,976,559,474,543
919,700,572,942,880
920,745,754,917,421
921,905,634,727,455
922,981,534,889,711
923,713,583,446,957
924,718,512,563,712
925,941,722,703,824
926,853,576,906,825
927,550,904,703,531
928,695,625,956,658
929,984,836,697,401
930,453,735,510,893
931,565,760,451,721
932,719,457,916,936
933,695,958,413,891
934,839,544,686,691
935,981,962,565,700
936,823,721,895,716
937,697,875,498,985
938,400,551,745,723
939,622,904,655,963
940,426,437,509,929
941,666,415,801,817
942,783,752,550,987
943,958,459,853,422
944,480,525,635,780
945,796,919,754,607
946,907,688,508,629
947,512,436,996,577
948,452,999,778,679
949,476,874,707,705
950,689,727,520,504
951,874,407,874,734
952,721,836,494,759
953,481,662,853,785
954,782,749,919,640
955,915,674,417,943
956,643,645,555,536
957,613,596,875,496
958,907,892,603,808
959,410,643,765,994
960,523,732,545,865
961,543,822,504,546
962,598,528,752,602
963,589,978,430,859
964,559,841,453,584
965,610,978,772,875
966,848,430,459,935
967,688,640,699,461
968,901,696,843,403
969,674,781,660,447
970,881,438,979,468
971,721,954,646,434
972,461,422,565,997
973,614,984,876,507
974,961,404,721,532
975,692,684,769,438
976,554,834,982,734
977,754,406,562,993
978,697,687,537,708
979,847,576,540,556
980,776,910,996,703
981,471,920,518,696
982,499,928,646,672
983,447,934,839,588
984,666,791,416,883
985,963,612,727,640
986,796,951,405,414
987,610,564,908,458
988,600,581,783,953
989,936,448,653,886
990,708,842,924,537
991,961,615,485,998
992,822,758,974,529
993,920,802,558,956
994,443,594,491,822
995,869,740,417,809
996,708,474,959,405
997,964,894,683,844
998,691,548,508,787
999,945,504,908,586
1000,705,610,554,413
1001,693,947,950,789
1002,943,544,502,870
1003,761,748,871,511
1004,798,617,496,986
1005,457,693,517,525
1006,523,506,980,412
1007,862,899,808,415
1008,567,443,489,505
1009,454,495,594,957
1010,579,729,405,813
1011,911,451,986,719
1012,816,550,734,994
1013,985,605,820,930
1014,622,609,941,431
1015,660,629,888,667
1016,844,816,891,948
1017,435,477,505,748
1018,821,724,488,764
1019,629,912,977,871
1020,992,772,931,481
1021,440,481,608,605
1022,775,611,771,708
1023,425,517,401,704
1024,578,908,606,902
1025,559,402,740,896
1026,915,657,445,899
1027,536,895,874,504
1028,632,578,435,691
1029,922,725,561,417
1030,921,815,941,991
1031,614,618,551,714
1032,805,927,756,695
1033,941,796,481,974
1034,835,550,416,944
1035,613,751,725,976
1036,771,865,792,458
1037,603,761,455,829
1038,431,790,711,479
1039,754,940,583,793
1040,697,704,613,513
1041,434,499,668,570
1042,692,990,672,566
1043,635,444,988,560
1044,603,479,742,485
1045,483,401,687,666
1046,766,597,671,804
1047,861,665,714,405
1048,706,812,517,424
1049,747,520,519,750
1050,405,600,941,664
1051,933,999,860,815
1052,917,828,574,884
1053,973,999,966,974
1054,906,408,914,545
1055,569,990,620,696
1056,598,759,842,752
1057,744,937,646,819
1058,901,913,444,651
1059,843,464,869,452
1060,702,619,642,649
1061,440,445,674,528
1062,976,460,646,823
1063,653,938,882,794
1064,622,617,612,706
1065,945,695,968,903
1066,560,622,455,443
1067,658,760,665,757
1068,504,518,544,830
1069,994,588,593,595
1070,403,495,492,454
1071,893,645,903,787
1072,834,506,467,930
1073,817,473,519,402
1074,909,535,769,669
1075,548,667,494,459
1076,607,953,546,865
1077,956,977,548,628
1078,906,767,582,486
1079,506,744,908,766
1080,519,517,546,711
1081,822,745,594,557
1082,715,555,545,653
1083,760,657,761,938
1084,989,860,632,979
1085,414,717,960,974
1086,889,488,512,821
1087,909,506,591,726
1088,400,687,612,456
1089,581,811,474,414
1090,872,852,767,647
1091,977,999,718,947
1092,589,755,665,577
1093,885,910,504,515
1094,517,623,738,862
1095,933,646,952,407
1096,707,773,947,829
1097,681,835,942,718
1098,613,691,665,417
1099,879,569,876,487
1100,452,789,748,883
1101,743,739,927,529
1102,694,437,537,557
1103,878,871,897,968
1104,990,785,453,979
1105,700,485,777,637
1106,540,427,817,916
1107,796,771,660,847
1108,572,751,881,553
1109,905,884,500,955
1110,471,801,402,401
1111,595,647,557,631
1112,765,751,848,416
1113,531,607,822,726
1114,400,515,705,680
1115,999,725,451,756
1116,607,981,639,857
1117,941,750,789,861
1118,862,827,774,437
1119,482,834,931,743
1120,778,584,849,559
1121,413,427,738,441
1122,996,767,785,807
1123,945,840,610,466
1124,450,467,424,707
1125,881,457,708,647
1126,724,956,629,412
1127,569,899,577,912
1128,678,738,691,616
1129,805,768,998,700
1130,844,557,406,423
1131,851,759,413,584
1132,505,430,776,916
1133,792,534,615,987
1134,407,454,417,797
1135,812,988,822,498
1136,552,635,476,833
1137,680,940,748,908
1138,978,403,799,512
1139,412,624,862,530
1140,880,488,533,628
1141,823,773,674,664
1142,806,902,994,563
1143,965,570,585,618
1144,996,884,685,674
1145,710,736,987,579
1146,651,719,879,809
1147,432,985,951,662
1148,941,718,594,669
1149,736,514,988,539
1150,810,806,749,604
1151,720,466,405,540
1152,575,401,515,417
1153,464,853,635,697
1154,743,503,502,590
1155,844,663,448,411
1156,471,865,535,995
1157,641,892,676,934
1158,831,707,692,432
1159,764,982,769,868
1160,581,585,445,731
1161,595,652,822,923
1162,699,826,779,585
1163,532,471,766,929
1164,540,651,547,735
1165,743,437,454,414
1166,580,983,676,731
1167,806,853,774,529
1168,946,682,920,831
1169,962,702,537,737
1170,461,406,852,976
1171,510,780,706,733
1172,887,600,453,601
1173,515,678,971,907
1174,529,659,692,557
1175,781,951,983,920
1176,726,772,834,577
1177,464,553,577,516
1178,778,805,930,982
1179,889,529,957,799
1180,646,609,430,465
1181,525,470,899,712
1182,772,565,862,956
1183,510,513,849,514
1184,470,437,449,613
1185,584,948,725,460
1186,521,470,923,926
1187,503,568,611,687
1188,597,419,680,701
1189,469,420,875,442
1190,937,608,758,746
1191,629,611,925,672
1192,724,633,918,470
1193,537,862,894,607
1194,402,726,463,896
1195,869,497,481,927
1196,959,429,495,669
1197,979,414,575,499
1198,676,994,547,560
1199,718,564,708,997
1200,676,589,622,543
1201,423,566,808,948
1202,576,492,815,634
1203,489,701,616,564
1204,953,434,960,578
1205,581,788,698,544
1206,462,882,473,423
1207,734,404,825,770
1208,452,691,677,468
1209,968,734,768,923
1210,566,560,560,923
1211,679,471,693,965
1212,480,630,880,977
1213,529,748,610,522
1214,883,851,769,644
1215,415,901,699,809
1216,693,810,728,475
1217,677,406,401,770
1218,448,930,686,606
1219,714,421,735,880
1220,916,634,403,917
1221,595,844,577,585
1222,869,420,494,896
1223,871,514,901,445
1224,441,924,601,570
1225,930,740,947,438
1226,619,989,780,759
1227,766,673,820,595
1228,836,558,841,615
1229,636,766,924,813
1230,479,922,946,927
1231,683,904,892,706
1232,878,958,880,758
1233,665,997,969,823
1234,906,583,554,632
1235,795,707,515,516
1236,820,451,726,857
1237,893,836,994,634
1238,676,951,897,478
1239,958,830,732,686
1240,658,860,875,905
1241,631,498,771,867
1242,440,491,510,548
1243,954,650,481,487
1244,561,471,464,697
1245,585,910,558,750
1246,505,886,824,828
1247,889,996,652,606
1248,865,851,916,986
1249,591,996,907,707
1250,516,849,505,777
1251,534,952,913,473
1252,907,875,651,764
1253,983,869,889,448
1254,629,632,493,888
1255,845,584,905,470
1256,410,707,924,757
1257,650,963,464,791
1258,764,413,527,445
1259,814,665,790,865
1260,693,961,431,441
1261,513,495,433,551
1262,983,769,624,886
1263,579,464,446,956
1264,934,534,694,889
1265,927,400,792,665
1266,826,407,833,452
1267,444,526,583,859
1268,741,636,804,987
1269,889,456,424,991
1270,837,995,653,975
1271,926,973,858,579
1272,882,712,437,791
1273,991,955,984,967
1274,794,420,689,422
1275,613,760,443,404
1276,918,840,647,875
1277,739,897,668,552
1278,552,679,673,612
1279,711,592,537,781
1280,415,634,528,668
1281,987,700,699,551
1282,572,619,970,517
1283,840,942,626,415
1284,831,463,708,781
1285,772,634,547,637
1286,519,684,776,932
1287,886,909,652,839
1288,532,518,624,608
1289,548,782,764,459
1290,652,786,964,788
1291,998,704,861,642
1292,787,848,744,747
1293,874,785,824,864
1294,627,987,722,698
1295,484,569,905,789
1296,916,561,437,978
1297,428,618,521,975
1298,871,642,841,797
1299,631,820,565,746
1300,619,955,788,416
1301,595,455,526,428
1302,928,509,765,784
1303,423,493,494,664
1304,418,410,878,889
1305,509,899,781,433
1306,798,913,997,401
1307,513,615,541,687
1308,893,921,963,879
1309,749,982,415,799
1310,877,808,863,780
1311,868,621,804,918
1312,427,702,990,782
1313,861,959,875,526
1314,871,734,907,529
1315,692,663,748,748
1316,658,419,928,942
1317,408,674,751,935
1318,914,791,757,531
1319,412,928,662,629
1320,532,671,774,572
1321,986,625,571,734
1322,420,831,689,519
1323,995,979,794,924
1324,962,864,772,817
1325,826,743,718,608
1326,940,469,625,803
1327,828,995,915,890
1328,935,538,521,576
1329,591,555,576,594
1330,976,928,636,465
1331,435,437,912,792
1332,572,627,685,405
1333,597,899,868,970
1334,703,599,743,545
1335,715,466,883,849
1336,992,541,734,536
1337,752,907,610,867
1338,620,930,848,736
1339,421,474,752,600
1340,804,976,656,836
1341,956,842,625,691
1342,527,512,581,571
1343,551,452,804,892
1344,461,873,722,634
1345,645,472,999,997
1346,657,897,855,516
1347,576,956,864,730
1348,593,600,911,905
1349,519,820,440,570
1350,625,699,876,743
1351,460,904,746,725
1352,949,891,764,661
1353,940,526,435,922
1354,569,928,630,756
1355,943,832,647,630
1356,903,793,742,816
1357,535,899,501,477
1358,687,782,840,893
1359,706,875,743,419
1360,515,977,529,676
1361,683,840,901,550
1362,433,947,440,930
1363,495,795,608,756
1364,879,582,732,405
1365,471,922,697,506
1366,885,521,866,803
1367,758,413,788,513
1368,795,531,883,437
1369,809,774,538,987
1370,883,778,945,826
1371,785,781,796,988
1372,573,729,685,415
1373,820,524,834,620
1374,423,945,701,552
1375,560,545,515,620
1376,652,939,948,988
1377,594,629,586,806
1378,734,507,595,764
1379,693,919,603,753
1380,941,499,683,834
1381,722,833,645,651
1382,451,400,901,818
1383,642,982,732,696
1384,911,945,458,698
1385,778,900,623,762
1386,510,876,910,548
1387,652,874,429,481
1388,660,884,698,401
1389,912,764,952,670
1390,662,568,871,931
1391,943,721,820,738
1392,517,805,564,666
1393,829,417,699,448
1394,666,624,815,725
1395,985,840,631,859
1396,414,842,830,928
1397,591,593,856,447
1398,674,424,837,752
1399,895,721,807,617
1400,937,468,890,723
1401,777,667,598,702
1402,436,583,678,495
1403,675,407,686,832
1404,689,668,624,955
1405,704,603,808,731
1406,589,990,406,603
1407,579,987,588,526
1408,790,868,490,756
1409,805,691,401,968
1410,468,811,451,591
1411,818,448,508,467
1412,503,425,695,529
1413,742,424,591,459
1414,789,855,800,653
1415,421,878,540,921
1416,870,559,956,999
1417,562,442,411,812
1418,898,565,493,657
1419,662,768,487,542
1420,971,720,726,596
1421,951,440,978,888
1422,760,845,729,754
1423,587,928,421,651
1424,473,671,545,665
1425,546,472,601,596
1426,908,833,452,479
1427,697,691,929,546
1428,900,468,782,432
1429,599,986,604,487
1430,876,943,565,738
1431,490,956,866,406
1432,907,902,494,573
1433,459,450,895,911
1434,588,955,649,935
1435,585,474,408,858
1436,854,732,473,726
1437,747,707,996,888
1438,719,988,473,588
1439,634,746,736,833
1440,416,754,797,554
1441,969,529,596,416
1442,472,436,798,656
1443,746,697,470,495
1444,603,761,465,936
1445,672,985,829,699
1446,792,887,872,886
1447,603,803,919,593
1448,634,794,706,793
1449,626,631,606,929
1450,695,420,785,626
1451,401,506,667,546
1452,946,547,825,978
1453,521,804,436,883
1454,419,773,637,912
1455,847,963,530,767
1456,443,504,748,478
1457,953,531,759,925
1458,873,435,769,672
1459,821,587,976,611
1460,966,606,427,878
1461,429,694,559,552
1462,521,858,925,469
1463,660,753,690,800
1464,774,482,796,649
1465,436,747,980,511
1466,989,411,572,420
1467,896,807,901,969
1468,687,653,973,760
1469,910,718,578,943
1470,856,856,970,767
1471,656,716,916,704
1472,753,857,846,843
1473,454,419,533,801
1474,806,643,508,926
1475,949,441,831,545
1476,668,816,558,729
1477,948,414,626,592
1478,921,722,946,885
1479,698,837,922,970
1480,946,875,831,584
1481,852,982,833,640
1482,475,494,738,779
1483,523,798,563,819
1484,937,659,925,958
1485,964,683,552,803
1486,407,821,468,608
1487,738,671,944,808
1488,595,691,871,992
1489,924,753,974,802
1490,904,735,603,565
1491,753,606,429,698
1492,802,525,644,621
1493,921,616,874,414
1494,754,845,561,994
1495,772,487,913,782
1496,733,887,786,850
1497,696,931,897,456
1498,587,435,598,839
1499,403,427,926,556
1500,666,862,431,789
1501,668,751,825,420
1502,673,721,621,925
1503,436,646,666,598
1504,650,929,715,412
1505,910,506,910,817
1506,876,513,928,644
1507,698,881,921,749
1508,545,525,836,506
1509,600,688,423,700
1510,944,933,478,410
1511,769,408,902,740
1512,521,785,765,577
1513,935,585,702,463
1514,915,804,739,690
1515,434,567,484,449
1516,540,867,675,452
1517,974,736,641,587
1518,916,708,451,725
1519,582,946,441,562
1520,703,992,847,842
1521,908,491,779,477
1522,661,945,643,987
1523,903,476,650,834
1524,439,525,766,961
1525,926,417,907,829
1526,881,564,976,525
1527,681,449,733,587
1528,707,892,939,961
1529,937,880,896,666
1530,590,650,402,621
1531,572,562,466,699
1532,904,575,482,828
1533,601,745,498,639
1534,953,433,462,749
1535,662,531,549,640
1536,636,988,627,889
1537,703,501,565,588
1538,669,946,576,660
1539,743,987,740,876
1540,525,575,867,618
1541,457,671,920,878
1542,929,830,553,948
1543,552,416,719,479
1544,769,476,864,497
1545,961,621,809,475
1546,901,779,789,402
1547,668,833,767,871
1548,899,752,986,716
1549,628,533,433,889
1550,568,808,469,634
1551,486,512,551,559
1552,478,906,551,638
1553,573,684,795,721
1554,691,876,837,401
1555,603,714,657,407
1556,687,908,840,722
1557,427,964,702,512
1558,923,741,892,517
1559,654,855,898,435
1560,503,403,866,626
1561,534,531,572,426
1562,501,686,764,702
1563,956,646,746,762
1564,919,924,530,716
1565,450,551,865,624
1566,622,704,533,550
1567,796,499,616,799
1568,634,751,420,677
1569,685,544,966,456
1570,580,490,991,717
1571,425,964,738,753
1572,719,930,521,702
1573,665,508,584,569
1574,845,722,733,505
1575,819,616,604,478
1576,703,960,710,520
1577,597,853,947,869
1578,789,868,783,522
1579,601,771,667,556
1580,722,419,646,606
1581,640,681,826,589
1582,723,544,478,500
1583,829,795,844,950
1584,611,906,830,873
1585,751,620,507,443
1586,559,945,847,709
1587,660,804,751,412
1588,868,745,936,556
1589,491,945,715,782
1590,424,447,693,433
1591,975,989,565,598
1592,987,476,947,433
1593,572,500,445,772
1594,747,710,703,598
1595,424,898,433,751
1596,808,890,888,642
1597,635,505,785,574
1598,916,920,851,820
1599,519,819,945,621
1600,421,761,813,604
1601,541,753,853,980
1602,706,694,889,824
1603,558,601,594,866
1604,949,961,718,758
1605,660,586,515,569
1606,700,637,554,585
1607,455,625,737,589
1608,911,447,845,630
1609,616,977,656,691
1610,850,418,512,996
1611,449,628,432,585
1612,950,640,965,764
1613,492,919,822,404
1614,706,496,434,879
1615,594,771,516,494
1616,605,897,628,466
1617,983,604,543,569
1618,645,545,939,925
1619,527,928,641,843
1620,887,648,827,998
1621,783,747,765,878
1622,503,696,946,699
1623,561,502,935,575
1624,911,640,793,606
1625,905,960,439,905
1626,470,522,555,669
1627,861,404,403,942
1628,931,761,926,477
1629,540,698,928,887
1630,783,781,872,995
1631,836,689,987,441
1632,850,625,681,932
1633,779,643,669,645
1634,938,743,895,878
1635,444,603,653,771
1636,779,922,918,628
1637,408,660,852,736
1638,633,789,552,707
1639,904,861,520,939
1640,554,488,675,690
1641,802,785,480,761
1642,893,623,775,866
1643,430,805,811,849
1644,449,765,462,942
1645,839,752,822,792
1646,746,885,788,717
1647,998,583,456,999
1648,824,613,596,911
1649,930,543,555,585
1650,609,809,741,975
1651,959,582,625,643
1652,565,825,964,765
1653,546,612,705,570
1654,782,769,987,490
1655,532,750,871,588
1656,608,666,465,412
1657,515,625,557,440
1658,983,469,434,837
1659,806,949,413,951
1660,476,852,571,787
1661,479,841,999,590
1662,767,908,870,549
1663,441,685,468,690
1664,473,513,791,768
1665,520,450,899,935
1666,823,682,555,988
1667,965,911,978,669
1668,732,628,995,430
1669,810,628,966,908
1670,929,477,591,510
1671,522,588,895,907
1672,506,606,767,925
1673,417,683,537,438
1674,478,865,647,584
1675,789,536,699,555
1676,746,612,559,457
1677,875,650,599,525
1678,655,431,687,754
1679,563,808,878,910
1680,800,657,995,971
1681,776,428,634,402
1682,865,661,940,858
1683,934,944,771,518
1684,991,410,672,948
1685,951,870,767,614
1686,855,712,955,994
1687,472,960,963,497
1688,660,692,712,421
1689,939,968,687,937
1690,445,873,619,438
1691,888,535,757,930
1692,486,969,801,413
1693,696,524,675,865
1694,915,761,441,485
1695,433,905,493,478
1696,519,484,976,680
1697,753,432,881,956
1698,731,919,665,601
1699,621,877,704,554
1700,636,972,799,914
1701,672,978,881,788
1702,637,999,579,412
1703,622,867,612,803
1704,506,957,564,663
1705,713,871,977,483
1706,541,427,672,850
1707,512,485,555,765
1708,424,519,991,524
1709,885,894,963,459
1710,432,675,728,561
1711,401,445,689,442
1712,407,572,422,665
1713,475,565,415,853
1714,464,430,718,405
1715,669,696,944,477
1716,944,792,441,994
1717,965,507,696,538
1718,708,400,648,434
1719,999,690,967,730
1720,886,741,834,607
1721,726,553,433,812
1722,444,826,612,716
1723,406,852,862,929
1724,932,850,919,959
1725,612,580,418,708
1726,662,944,918,463
1727,708,588,908,429
1728,462,944,956,439
1729,462,603,495,403
1730,872,806,715,531
1731,539,762,791,918
1732,903,468,734,669
1733,747,579,930,782
1734,436,564,716,739
1735,996,630,456,973
1736,680,684,731,646
1737,463,924,510,845
1738,410,475,554,863
1739,459,912,838,555
1740,669,687,724,686
1741,668,655,994,561
1742,809,472,920,666
1743,979,779,599,506
1744,872,651,720,891
1745,822,933,552,786
1746,501,634,551,511
1747,492,528,572,461
1748,678,961,667,677
1749,681,519,432,778
1750,694,639,444,620
1751,548,654,731,417
1752,859,408,870,589
1753,887,548,674,795
1754,745,492,944,624
1755,665,778,542,821
1756,579,799,648,609
1757,948,568,819,957
1758,565,844,737,735
1759,834,761,627,435
1760,667,607,667,568
1761,689,501,448,866
1762,557,690,901,494
1763,736,856,812,592
1764,912,778,459,892
1765,714,858,497,793
1766,475,658,436,909
1767,671,692,555,540
1768,437,793,727,680
1769,975,939,576,811
1770,432,445,959,575
1771,578,504,965,421
1772,822,584,875,998
1773,900,633,820,923
1774,998,883,875,825
1775,460,615,738,523
1776,843,998,516,781
1777,889,536,700,787
1778,750,524,933,916
1779,630,525,731,476
1780,713,558,611,451
1781,885,816,462,439
1782,982,406,454,792
1783,794,968,524,610
1784,779,621,839,440
1785,544,883,535,928
1786,858,677,952,720
1787,781,686,520,815
1788,588,536,513,604
1789,591,653,612,713
1790,632,523,646,654
1791,722,673,913,696
1792,861,578,586,895
1793,467,867,860,603
1794,419,709,512,715
1795,927,879,832,581
1796,692,435,510,996
1797,433,775,518,947
1798,837,617,561,723
1799,713,948,645,754
1800,671,756,855,833
1801,701,783,450,954
1802,705,677,419,494
1803,545,668,704,711
1804,841,545,661,656
1805,466,941,784,854
1806,921,818,519,917
1807,928,493,734,621
1808,776,674,511,572
1809,737,465,400,737
1810,601,475,695,855
1811,540,753,858,855
1812,745,699,537,841
1813,461,916,570,690
1814,540,719,795,671
1815,410,715,479,490
1816,522,612,915,793
1817,950,688,593,725
1818,881,749,741,773
1819,853,704,924,562
1820,649,431,695,846
1821,550,603,825,875
1822,792,911,769,824
1823,472,705,457,911
1824,997,913,865,531
1825,521,894,630,560
1826,988,562,473,918
1827,894,450,974,681
1828,852,607,550,744
1829,519,701,500,447
1830,446,899,814,873
1831,475,983,929,604
1832,470,626,826,686
1833,408,680,548,471
1834,835,464,852,842
1835,605,990,534,629
1836,700,853,443,707
1837,948,705,608,617
1838,870,794,727,726
1839,853,901,853,731
1840,909,475,699,653
1841,525,656,699,971
1842,783,751,940,756
1843,883,490,756,779
1844,793,838,893,522
1845,934,703,495,786
1846,651,525,479,559
1847,725,410,944,461
1848,783,474,672,700
1849,856,826,507,637
1850,568,976,707,964
1851,979,803,748,406
1852,748,786,826,545
1853,555,748,828,514
1854,464,755,795,884
1855,452,481,591,534
1856,565,928,405,752
1857,413,502,702,538
1858,769,911,730,739
1859,602,467,487,484
1860,779,867,414,688
1861,850,944,596,421
1862,462,583,855,789
1863,691,544,813,521
1864,718,642,825,452
1865,861,542,690,752
1866,828,480,989,783
1867,690,461,936,645
1868,464,860,900,501
1869,620,961,681,904
1870,601,744,735,953
1871,604,468,943,911
1872,794,526,605,708
1873,473,802,980,949
1874,461,846,844,851
1875,424,487,440,440
1876,737,580,906,817
1877,854,712,797,578
1878,740,865,720,664
1879,862,530,427,687
1880,499,630,525,450
1881,405,779,957,714
1882,641,766,649,676
1883,534,544,848,674
1884,560,413,828,692
1885,617,437,400,539
1886,731,810,494,450
1887,459,507,968,506
1888,439,793,739,418
1889,456,403,650,466
1890,932,968,473,655
1891,414,814,945,466
1892,919,851,657,628
1893,470,712,610,479
1894,452,723,880,688
1895,455,983,913,754
1896,815,881,910,492
1897,728,698,727,934
1898,984,824,797,453
1899,721,564,567,549
1900,881,646,828,555
1901,561,448,449,802
1902,838,897,680,540
1903,527,871,462,983
1904,706,874,558,737
1905,444,922,633,955
1906,739,980,440,652
1907,563,623,479,444
1908,814,421,495,442
1909,878,637,433,541
1910,715,967,867,604
1911,570,865,658,970
1912,910,584,781,589
1913,658,437,485,809
1914,908,754,729,838
1915,517,429,553,466
1916,606,743,844,456
1917,946,413,588,980
1918,888,479,616,871
1919,614,493,937,782
1920,417,561,910,777
1921,861,453,495,520
1922,894,779,896,894
1923,837,903,647,446
1924,950,762,978,627
1925,666,462,603,495
1926,760,963,835,723
1927,408,844,631,486
1928,908,468,587,891
1929,925,653,586,658
1930,692,852,816,419
1931,605,879,575,451
1932,463,487,468,776
1933,922,796,449,697
1934,616,546,472,835
1935,856,963,875,568
1936,670,776,699,565
1937,905,441,603,444
1938,992,536,519,587
1939,879,501,998,721
1940,863,702,692,544
1941,702,504,709,728
1942,854,530,869,776
1943,685,646,831,872
1944,975,792,561,448
1945,590,691,961,887
1946,578,477,400,485
1947,923,929,748,932
1948,757,753,891,784
1949,772,526,633,917
1950,422,494,631,421
1951,989,903,709,934
1952,657,891,551,501
1953,731,593,444,823
1954,669,663,920,543
1955,535,456,666,922
1956,829,638,999,609
1957,618,564,558,730
1958,981,559,678,728
1959,842,578,914,856
1960,495,829,424,507
1961,572,530,683,810
1962,858,670,546,723
1963,592,629,778,467
1964,944,889,605,567
1965,530,700,694,844
1966,982,977,453,984
1967,401,863,442,860
1968,793,688,584,532
1969,705,916,415,472
1970,673,616,904,856
1971,638,844,879,733
1972,985,878,748,748
1973,926,799,615,927
1974,649,753,722,560
1975,510,769,451,746
1976,546,913,825,574
1977,508,459,416,847
1978,690,937,799,924
1979,811,607,953,738
1980,614,795,935,756
1981,914,443,708,533
1982,743,408,962,942
1983,939,851,911,981
1984,888,512,809,644
1985,851,863,805,758
1986,959,911,889,563
1987,623,714,476,549
1988,402,619,445,728
1989,732,574,464,979
1990,972,597,801,853
1991,836,710,802,477
1992,684,499,997,845
1993,578,528,526,552
1994,872,425,447,679
1995,868,909,843,490
1996,653,756,877,548
1997,989,416,696,472
1998,999,837,642,517
1999,509,885,929,800
2000,603,479,819,548
2001,936,835,782,767
2002,923,891,803,585
2003,886,561,442,882
2004,427,980,733,597
2005,784,741,734,643
2006,846,784,626,680
2007,763,886,947,957
2008,466,586,703,518
2009,896,858,991,606
2010,496,761,711,749
2011,965,610,801,868
2012,703,502,510,629
2013,597,469,918,716
2014,400,867,888,694
2015,610,470,437,542
2016,764,423,527,507
2017,544,461,415,900
2018,420,415,641,702
2019,957,792,931,607
2020,800,791,608,810
2021,424,713,791,400
2022,786,414,645,542
2023,834,956,506,589
2024,599,862,666,837
2025,932,544,448,412
2026,983,901,421,890
2027,507,722,845,521
2028,937,516,633,493
2029,476,801,816,747
2030,732,625,843,589
2031,498,960,899,648
2032,882,965,845,968
2033,499,407,958,732
2034,841,895,667,955
2035,811,714,436,935
2036,868,525,923,663
2037,941,879,435,971
2038,702,741,986,447
2039,594,998,573,671
2040,771,503,992,748
2041,660,915,955,951
2042,577,917,865,832
2043,792,862,476,778
2044,874,920,882,528
2045,512,532,758,917
2046,612,549,581,421
2047,589,523,614,862
2048,961,587,651,729
2049,975,984,617,850
2050,953,558,495,880
2051,925,426,977,603
2052,777,907,507,700
2053,591,692,948,476
2054,873,744,410,548
2055,880,609,868,788
2056,463,818,858,693
2057,822,814,698,537
2058,468,603,697,953
2059,462,680,427,853
2060,484,598,990,844
2061,846,553,929,422
2062,854,435,852,613
2063,460,512,911,623
2064,602,831,980,873
2065,599,906,720,407
2066,610,560,772,882
2067,586,762,420,815
2068,703,906,710,721
2069,583,430,951,486
2070,433,576,989,457
2071,982,572,721,561
2072,833,641,706,907
2073,823,717,518,620
2074,784,859,909,972
2075,808,617,586,426
2076,454,532,512,612
2077,642,592,780,627
2078,779,597,732,888
2079,468,582,596,806
2080,640,686,595,459
2081,580,884,425,800
2082,924,720,880,523
2083,591,488,862,681
2084,467,802,427,972
2085,419,511,444,440
2086,471,404,695,617
2087,872,493,772,449
2088,567,992,674,763
2089,428,815,418,920
2090,670,736,471,579
2091,641,604,806,889
2092,824,902,467,645
2093,744,554,857,575
2094,680,550,769,484
2095,520,982,944,845
2096,815,573,914,549
2097,553,742,784,723
2098,929,768,619,977
2099,592,860,824,980
2100,789,402,579,562
2101,804,538,743,557
2102,683,610,438,532
2103,782,937,607,882
2104,568,473,448,779
2105,573,988,800,669
2106,926,419,931,733
2107,919,889,736,659
2108,749,910,426,662
2109,785,413,765,638
2110,677,447,641,710
2111,574,864,466,484
2112,772,689,498,774
2113,781,423,911,441
2114,415,529,974,454
2115,430,749,790,414
2116,976,686,962,997
2117,587,769,845,814
2118,851,751,940,718
2119,596,625,924,437
2120,689,639,887,548
2121,528,704,621,957
2122,996,734,752,783
2123,635,530,789,872
2124,968,890,994,631
2125,811,794,896,450
2126,812,518,864,692
2127,515,416,448,631
2128,470,587,642,459
2129,695,494,433,891
2130,492,681,960,547
2131,906,954,844,700
2132,564,411,776,702
2133,569,748,999,820
2134,446,470,449,615
2135,845,561,583,519
2136,561,558,704,764
2137,436,424,918,703
2138,857,782,468,728
2139,713,782,774,801
2140,504,952,617,939
2141,754,465,802,770
2142,573,478,748,968
2143,565,967,649,772
2144,434,789,899,946
2145,802,959,753,964
2146,653,917,813,543
2147,869,705,757,844
2148,841,419,572,623
2149,679,950,864,961
2150,720,409,797,843
2151,462,981,988,799
2152,573,502,948,485
2153,454,431,466,856
2154,973,654,864,534
2155,484,750,972,577
2156,418,864,627,957
2157,899,919,939,944
2158,658,900,761,533
2159,558,477,658,632
2160,718,624,718,806
2161,864,875,875,507
2162,516,647,746,655
2163,845,519,568,697
2164,430,898,893,429
2165,457,899,401,769
2166,982,582,497,467
2167,442,516,858,425
2168,807,783,441,523
2169,875,996,407,811
2170,737,912,919,582
2171,483,994,970,490
2172,780,552,627,527
2173,729,611,498,518
2174,629,847,867,632
2175,871,628,468,486
2176,429,990,678,944
2177,529,477,891,804
2178,838,893,401,888
2179,760,498,922,437
2180,646,415,698,490
2181,774,904,484,698
2182,422,612,532,993
2183,979,500,548,827
2184,892,514,780,870
2185,473,941,879,871
2186,912,815,729,622
2187,690,860,598,415
2188,569,489,727,561
2189,582,835,446,991
2190,850,549,624,721
2191,619,918,448,458
2192,792,549,424,875
2193,522,975,931,772
2194,707,710,579,754
2195,498,640,941,628
2196,726,994,422,816
2197,683,621,861,786
2198,898,877,491,510
2199,784,807,583,773
2200,441,699,456,869
2201,785,901,483,813
2202,563,898,509,820
2203,535,878,994,679
2204,721,572,659,568
2205,956,490,993,425
2206,509,852,810,675
2207,593,961,617,601
2208,857,596,988,707
2209,490,448,931,497
2210,466,987,626,461
2211,830,448,953,833
2212,647,699,890,703
2213,770,739,689,757
2214,853,454,783,567
2215,586,552,793,578
2216,473,832,927,597
2217,639,776,761,854
2218,421,631,510,768
2219,591,409,932,753
2220,880,878,787,461
2221,989,802,972,639
2222,924,638,941,726
2223,449,507,665,731
2224,682,487,849,577
2225,974,791,862,547
2226,629,880,494,626
2227,994,798,775,780
2228,539,578,581,834
2229,518,581,667,469
2230,848,769,912,613
2231,755,759,652,666
2232,705,672,620,940
2233,818,826,502,821
2234,984,883,497,621
2235,464,560,983,489
2236,474,817,440,728
2237,863,826,955,547
2238,620,459,635,873
2239,501,427,669,655
2240,912,578,679,903
2241,700,943,742,477
2242,566,844,659,828
2243,634,616,684,805
2244,514,882,535,952
2245,432,405,864,691
2246,734,428,959,726
2247,724,723,687,887
2248,860,563,949,708
2249,648,839,941,967
2250,761,426,934,941
2251,845,887,657,788
2252,623,709,809,946
2253,746,598,941,512
2254,850,549,661,737
2255,965,487,456,746
2256,857,793,650,520
2257,980,615,958,460
2258,719,617,424,424
2259,946,497,838,610
2260,644,754,660,817
2261,894,559,805,593
2262,401,469,854,710
2263,560,863,541,800
2264,448,995,557,798
2265,645,803,650,433
2266,985,419,677,599
2267,548,770,914,699
2268,637,832,534,700
2269,647,867,573,410
2270,511,842,421,784
2271,411,781,666,608
2272,773,926,688,950
2273,820,504,512,580
2274,827,558,449,440
2275,606,874,939,902
2276,611,879,978,483
2277,461,710,573,492
2278,653,469,416,566
2279,879,500,663,467
2280,653,470,571,971
2281,758,460,811,496
2282,476,804,458,974
2283,410,912,612,859
2284,495,731,814,488
2285,957,696,822,671
2286,601,978,906,909
2287,931,673,641,580
2288,579,944,783,539
2289,844,471,489,557
2290,970,500,670,801
2291,460,839,994,733
2292,719,531,940,552
2293,791,491,764,697
2294,631,520,613,626
2295,735,860,716,990
2296,452,922,695,807
2297,848,791,749,975
2298,642,477,931,464
2299,655,894,466,952
2300,738,747,710,617
2301,712,856,459,723
2302,818,760,958,905
2303,644,532,429,858
2304,622,645,535,800
2305,903,400,894,452
2306,420,643,493,746
2307,587,491,454,950
2308,485,547,602,584
2309,959,599,876,778
2310,457,648,466,518
2311,826,648,564,970
2312,743,419,737,584
2313,760,946,646,656
2314,451,995,714,850
2315,904,623,636,595
2316,938,595,659,603
2317,523,453,755,608
2318,628,544,905,948
2319,571,912,406,576
2320,939,484,596,400
2321,544,835,587,633
2322,805,467,508,704
2323,497,437,423,863
2324,905,835,559,824
2325,853,582,697,499
2326,871,730,589,482
2327,740,617,845,827
2328,585,788,531,848
2329,697,613,537,501
2330,617,660,459,908
2331,779,871,557,925
2332,785,943,828,810
2333,488,405,941,917
2334,800,838,714,488
2335,586,670,519,692
2336,587,610,969,423
2337,933,825,482,412
2338,794,953,690,851
2339,623,417,465,429
2340,782,912,501,509
2341,627,898,576,906
2342,807,513,542,788
2343,483,794,926,500
2344,713,838,812,519
2345,432,941,925,408
2346,568,450,934,994
2347,863,419,954,686
2348,886,821,915,662
2349,978,458,879,765
2350,871,822,955,627
2351,503,677,438,409
2352,942,901,900,644
2353,539,961,812,651
2354,997,589,629,482
2355,549,846,762,422
2356,749,663,799,755
2357,875,909,929,981
2358,881,890,536,906
2359,936,419,645,920
2360,924,991,660,856
2361,644,905,805,579
2362,494,818,771,501
2363,600,655,832,450
2364,660,985,441,567
2365,659,962,916,965
2366,762,521,891,980
2367,809,685,487,945
2368,651,469,880,608
2369,443,895,819,709
2370,743,604,570,718
2371,738,598,514,446
2372,468,731,917,557
2373,645,739,988,872
2374,919,973,567,563
2375,929,948,933,426
2376,632,442,996,747
2377,963,676,846,942
2378,949,862,451,647
2379,781,884,478,413
2380,444,830,953,462
2381,525,461,582,691
2382,564,497,878,737
2383,816,991,476,953
2384,605,551,856,862
2385,409,888,551,552
2386,884,882,493,778
2387,537,869,973,598
2388,883,885,940,420
2389,881,596,945,580
2390,407,752,420,520
2391,407,547,689,517
2392,812,488,835,951
2393,678,439,707,555
2394,585,922,796,883
2395,659,570,797,919
2396,936,529,915,507
2397,690,701,853,623
2398,813,860,425,630
2399,804,834,815,791
2400,497,596,421,875
2401,573,724,894,636
2402,550,597,982,930
2403,822,466,969,463
2404,972,698,808,865
2405,530,851,540,551
2406,808,667,772,601
2407,633,459,962,718
2408,833,581,696,459
2409,589,746,441,725
2410,405,963,774,774
2411,424,633,869,910
2412,536,591,754,777
2413,638,552,600,660
2414,478,489,895,798
2415,892,950,651,807
2416,989,446,722,586
2417,606,968,417,709
2418,806,937,484,468
2419,845,735,912,750
2420,990,936,443,886
2421,998,650,664,480
2422,560,843,818,560
2423,436,613,621,713
2424,592,850,534,619
2425,890,487,786,932
2426,830,627,421,620
2427,977,825,702,484
2428,625,872,998,501
2429,722,732,903,535
2430,503,714,572,924
2431,770,919,894,444
2432,894,732,729,789
2433,696,828,518,929
2434,507,729,818,499
2435,903,723,591,787
2436,431,774,909,865
2437,479,991,656,560
2438,934,878,986,848
2439,807,726,423,673
2440,623,520,618,568
2441,891,549,403,870
2442,706,522,976,834
2443,810,410,549,826
2444,845,965,467,772
2445,632,692,614,597
2446,749,413,951,497
2447,677,679,805,661
2448,932,467,617,461
2449,407,410,982,650
2450,769,626,834,962
2451,432,665,857,617
2452,863,906,404,883
2453,620,790,488,519
2454,784,517,841,745
2455,435,803,945,622
2456,775,963,436,487
2457,521,585,988,559
2458,893,465,807,807
2459,522,722,421,448
2460,531,451,914,718
2461,536,512,597,410
2462,471,798,610,660
2463,861,410,837,682
2464,535,584,503,634
2465,615,411,547,523
2466,953,482,643,934
2467,803,427,976,931
2468,922,469,915,835
2469,444,463,966,805
2470,745,968,526,956
2471,599,494,756,595
2472,993,710,633,462
2473,961,400,562,771
2474,858,470,429,827
2475,757,580,443,763
2476,551,776,785,892
2477,734,999,679,888
2478,504,669,579,854
2479,442,898,933,948
2480,786,589,615,645
2481,573,836,950,614
2482,914,637,934,819
2483,894,437,515,609
2484,976,669,769,481
2485,697,708,590,633
2486,782,569,730,760
2487,830,405,639,729
2488,424,770,806,694
2489,627,995,907,583
2490,766,724,887,976
2491,988,603,925,521
2492,429,644,742,904
2493,941,414,892,624
2494,701,516,889,759
2495,959,590,780,554
2496,602,960,525,821
2497,677,528,982,594
2498,442,479,403,774
2499,630,646,782,845
2500,608,931,521,610
2501,955,663,851,898
2502,431,787,714,715
2503,511,894,626,826
2504,656,593,430,995
2505,920,705,543,418
2506,847,659,651,913
2507,999,453,956,910
2508,810,925,465,557
2509,654,902,676,457
2510,502,746,463,504
2511,536,772,871,940
2512,474,942,725,902
2513,612,712,908,887
2514,597,537,757,826
2515,932,994,626,774
2516,609,898,558,699
2517,663,865,468,898
2518,667,936,664,871
2519,815,912,931,801
2520,860,892,975,518
2521,779,667,558,704
2522,420,721,869,960
2523,421,477,660,606
2524,788,438,910,846
2525,566,488,807,755
2526,654,476,817,908
2527,635,502,455,650
2528,615,580,588,621
2529,935,461,490,928
2530,778,911,806,613
2531,804,470,576,879
2532,804,988,728,477
2533,730,895,988,541
2534,820,868,637,668
2535,709,555,412,750
2536,567,934,429,517
2537,922,489,431,554
2538,914,434,788,869
2539,852,437,825,716
2540,404,425,787,890
2541,457,609,853,495
2542,974,950,740,497
2543,405,700,401,973
2544,575,625,785,680
2545,410,747,548,953
2546,740,486,653,930
2547,964,866,619,415
2548,790,630,730,475
2549,888,764,871,791
2550,802,522,873,593
2551,655,530,984,686
2552,444,421,693,814
2553,829,684,460,561
2554,680,466,888,929
2555,799,426,497,905
2556,846,854,811,842
2557,954,674,709,605
2558,966,594,604,430
2559,629,757,834,562
2560,666,947,452,968
2561,980,554,713,675
2562,655,450,506,964
2563,912,638,600,781
2564,728,742,897,793
2565,557,915,770,654
2566,525,544,493,689
2567,441,648,952,459
2568,807,684,598,588
2569,556,753,481,817
2570,770,613,986,855
2571,486,873,922,938
2572,479,935,845,985
2573,905,879,883,553
2574,788,747,827,635
2575,912,443,659,412
2576,776,518,889,797
2577,549,870,916,849
2578,822,808,482,835
2579,594,810,730,711
2580,979,815,916,702
2581,825,577,770,554
2582,627,444,902,721
2583,994,579,469,986
2584,409,676,996,529
2585,904,882,815,760
2586,652,727,990,487
2587,561,938,826,445
2588,991,508,562,526
2589,930,452,773,467
2590,487,609,952,564
2591,959,606,969,989
2592,686,595,843,979
2593,575,541,898,615
2594,799,968,814,757
2595,760,711,742,726
2596,541,879,875,765
2597,863,763,941,780
2598,634,429,991,683
2599,742,972,648,719
2600,793,449,402,933
2601,551,490,841,859
2602,611,841,589,538
2603,815,686,471,931
2604,573,683,958,701
2605,977,687,653,995
2606,850,833,549,583
2607,973,848,815,643
2608,790,659,510,521
2609,864,974,506,829
2610,541,920,431,612
2611,408,655,992,872
2612,909,710,647,897
2613,619,827,935,532
2614,412,723,990,544
2615,500,547,966,764
2616,948,626,753,524
2617,711,937,954,734
2618,845,836,988,498
2619,663,894,905,576
2620,636,879,681,823
2621,600,796,467,726
2622,717,937,615,630
2623,962,609,703,865
2624,876,557,906,972
2625,411,737,481,601
2626,913,792,960,485
2627,612,821,730,889
2628,506,411,928,516
2629,814,608,449,529
2630,724,938,827,886
2631,766,865,753,759
2632,537,414,655,659
2633,534,896,410,827
2634,506,686,798,600
2635,767,978,597,818
2636,712,812,980,712
2637,604,626,463,985
2638,732,799,644,576
2639,479,413,616,905
2640,901,704,681,682
2641,884,608,910,444
2642,671,492,581,743
2643,926,952,690,890
2644,999,841,408,992
2645,718,401,665,790
2646,745,659,891,918
2647,839,689,546,870
2648,957,672,983,558
2649,940,883,731,416
2650,461,593,791,771
2651,968,653,892,542
2652,708,696,559,848
2653,665,748,527,542
2654,509,839,531,427
2655,560,757,497,554
2656,738,688,739,559
2657,687,694,444,835
2658,854,629,806,678
2659,780,551,995,980
2660,475,649,613,711
2661,940,677,773,412
2662,989,411,572,402
2663,901,418,659,557
2664,592,983,731,591
2665,923,419,401,642
2666,850,683,457,876
2667,907,671,732,955
2668,911,971,770,858
2669,581,890,975,723
2670,990,927,930,694
2671,981,802,974,800
2672,654,438,936,664
2673,623,814,982,687
2674,838,678,682,413
2675,421,869,786,843
2676,632,991,723,888
2677,564,951,593,474
2678,500,961,742,897
2679,836,783,519,703
2680,526,669,472,525
2681,414,562,679,813
2682,541,472,910,979
2683,848,703,716,994
2684,649,496,761,665
2685,691,670,790,489
2686,875,458,405,765
2687,567,444,801,696
2688,777,661,920,558
2689,693,412,936,956
2690,584,884,685,424
2691,878,594,764,995
2692,438,545,905,618
2693,943,784,708,760
2694,939,940,920,887
2695,830,420,491,783
2696,421,430,440,988
2697,944,518,478,674
2698,440,791,400,536
2699,944,894,869,444
2700,615,731,701,513
2701,642,826,646,659
2702,449,850,649,660
2703,619,474,680,695
2704,632,592,619,570
2705,759,939,420,474
2706,581,584,846,705
2707,880,878,895,444
2708,930,531,547,820
2709,509,521,592,540
2710,626,696,771,889
2711,832,578,481,594
2712,724,701,809,930
2713,625,932,480,600
2714,873,883,990,624
2715,703,703,522,939
2716,565,672,464,957
2717,836,664,590,462
2718,679,936,424,676
2719,485,636,630,999
2720,580,597,925,479
2721,411,713,699,833
2722,771,889,653,980
2723,466,744,648,836
2724,409,965,450,442
2725,593,952,864,772
2726,632,817,669,738
2727,584,859,468,434
2728,912,499,448,836
2729,860,436,698,901
2730,860,512,647,597
2731,451,672,946,916
2732,712,585,577,602
2733,546,568,750,616
2734,403,916,620,506
2735,548,655,915,626
2736,434,479,615,673
2737,477,545,833,984
2738,746,841,751,604
2739,714,715,663,583
2740,468,935,408,940
2741,898,942,500,734
2742,550,433,842,690
2743,695,878,566,567
2744,514,597,509,679
2745,540,745,983,832
2746,591,711,687,670
2747,820,716,934,500
2748,714,847,985,809
2749,468,638,907,809
2750,422,765,608,793
2751,584,807,558,518
2752,716,539,870,474
2753,711,755,512,552
2754,964,637,869,743
2755,408,888,416,520
2756,702,603,972,595
2757,400,507,530,919
2758,669,694,646,578
2759,629,617,581,806
2760,793,627,732,699
2761,781,434,606,604
2762,743,765,709,601
2763,860,797,951,637
2764,539,910,917,590
2765,426,673,842,980
2766,820,834,892,893
2767,586,585,434,539
2768,656,997,724,997
2769,429,884,742,610
2770,419,754,588,507
2771,717,646,401,507
2772,886,480,507,915
2773,852,504,842,474
2774,419,509,495,789
2775,672,890,733,549
2776,503,620,838,716
2777,449,492,907,935
2778,589,436,757,870
2779,766,506,725,673
2780,868,994,446,853
2781,780,560,545,498
2782,549,514,870,626
2783,530,794,893,972
2784,567,947,941,690
2785,934,842,991,438
2786,727,935,660,941
2787,989,579,909,591
2788,823,662,984,776
2789,552,451,556,808
2790,893,937,903,700
2791,447,500,418,780
2792,958,735,465,482
2793,590,790,915,668
2794,999,699,549,959
2795,738,505,621,772
2796,648,810,657,674
2797,656,911,992,635
2798,840,932,610,749
2799,410,411,424,544
2800,535,633,421,593
2801,678,814,835,680
2802,791,514,572,426
2803,746,489,980,870
2804,686,856,455,728
2805,404,852,578,638
2806,604,821,657,437
2807,795,592,988,599
2808,957,656,950,779
2809,761,699,598,515
2810,840,627,716,646
2811,514,937,849,454
2812,473,613,757,881
2813,528,405,857,853
2814,958,947,436,906
2815,956,631,824,407
2816,778,598,671,672
2817,603,664,423,789
2818,523,889,917,911
2819,779,422,882,472
2820,586,882,696,679
2821,416,881,983,682
2822,752,728,981,963
2823,884,892,581,510
2824,982,924,482,426
2825,994,857,600,671
2826,640,815,508,924
2827,760,466,878,484
2828,857,852,877,867
2829,979,641,910,918
2830,799,461,449,412
2831,820,627,426,647
2832,600,587,533,499
2833,844,657,596,440
2834,645,773,774,715
2835,695,567,874,569
2836,407,685,801,445
2837,732,461,558,591
2838,568,770,629,658
2839,404,670,847,527
2840,663,633,419,518
2841,438,488,658,810
2842,624,903,937,662
2843,436,845,653,878
2844,613,931,566,471
2845,604,731,782,638
2846,765,553,839,613
2847,723,866,754,971
2848,557,702,508,450
2849,689,997,651,867
2850,423,514,641,911
2851,400,875,953,968
2852,442,923,779,621
2853,668,918,810,655
2854,625,749,896,702
2855,848,537,649,809
2856,843,830,617,626
2857,812,991,774,472
2858,639,916,577,816
2859,563,876,403,878
2860,669,882,837,728
2861,446,802,691,489
2862,451,445,788,835
2863,957,756,772,938
2864,533,747,613,497
2865,930,495,630,970
2866,970,886,817,604
2867,953,993,587,662
2868,600,666,738,561
2869,973,580,446,850
2870,463,598,918,573
2871,555,551,983,919
2872,861,797,927,819
2873,985,605,568,978
2874,708,953,467,798
2875,696,533,700,656
2876,741,955,942,742
2877,745,771,566,960
2878,874,585,928,554
2879,518,492,773,427
2880,404,768,812,400
2881,609,723,908,766
2882,962,660,848,754
2883,912,421,643,786
2884,653,732,999,892
2885,716,791,720,510
2886,625,948,663,819
2887,737,545,642,764
2888,775,504,719,575
2889,602,420,738,588
2890,759,652,565,649
2891,445,437,858,667
2892,570,660,717,773
2893,414,429,553,438
2894,514,660,474,638
2895,910,468,739,931
2896,488,828,634,431
2897,527,862,679,749
2898,804,426,422,513
2899,494,855,665,543
2900,702,593,990,827
2901,864,573,670,712
2902,640,833,840,611
2903,653,581,694,979
2904,629,922,586,598
2905,461,571,742,778
2906,442,563,657,692
2907,425,609,657,828
2908,596,605,556,560
2909,919,819,414,468
2910,673,543,893,590
2911,879,571,499,592
2912,992,454,723,930
2913,466,928,891,926
2914,588,497,452,807
2915,823,871,597,691
2916,870,980,543,998
2917,686,738,594,439
2918,568,955,904,622
2919,537,982,720,408
2920,552,720,557,455
2921,583,933,574,556
2922,665,674,934,912
2923,458,760,405,943
2924,540,512,821,569
2925,812,461,761,638
2926,448,418,774,490
2927,773,544,672,691
2928,672,659,939,730
2929,910,452,820,799
2930,770,731,629,704
2931,883,919,596,643
2932,744,540,868,991
2933,537,779,494,561
2934,767,545,407,761
2935,401,816,804,741
2936,969,954,987,576
2937,867,776,617,446
2938,899,409,401,814
2939,630,883,681,582
2940,567,677,519,880
2941,692,514,421,563
2942,526,866,611,746
2943,682,563,819,539
2944,432,854,631,566
2945,739,777,967,488
2946,935,631,998,934
2947,444,553,792,674
2948,653,429,821,792
2949,626,519,537,954
2950,760,608,618,602
2951,859,499,533,742
2952,997,708,421,402
2953,802,603,465,953
2954,886,752,832,807
2955,678,970,438,499
2956,555,423,760,755
2957,915,784,990,532
2958,839,712,689,807
2959,869,535,666,449
2960,926,723,943,429
2961,720,729,649,935
2962,446,851,725,985
2963,979,790,703,673
2964,647,498,614,978
2965,768,657,686,860
2966,522,696,946,602
2967,471,424,825,663
2968,638,634,619,465
2969,413,666,596,564
2970,647,870,896,980
2971,485,705,812,422
2972,948,624,785,916
2973,614,950,785,620
2974,929,831,811,939
2975,848,913,792,801
2976,504,630,814,786
2977,887,751,562,733
2978,809,895,695,689
2979,626,854,432,753
2980,911,969,595,667
2981,927,980,678,783
2982,519,447,731,914
2983,636,622,683,460
2984,616,698,587,435
2985,863,719,939,449
2986,407,615,849,702
2987,721,619,857,870
2988,483,707,913,818
2989,990,562,730,773
2990,856,873,913,421
2991,809,835,961,977
2992,871,419,572,425
2993,789,730,979,437
2994,470,886,904,824
2995,615,746,506,661
2996,464,823,592,822
2997,628,697,838,880
2998,639,734,977,723
2999,937,719,591,797
3000,943,422,911,992
3001,942,970,869,576
3002,557,562,786,589
3003,510,645,543,600
3004,588,827,692,531
3005,780,658,437,887
3006,695,998,973,659
3007,657,628,519,458
3008,666,527,748,753
3009,562,531,817,927
3010,572,767,573,562
3011,439,851,678,541
3012,568,829,515,801
3013,791,726,601,659
3014,689,722,929,684
3015,582,663,424,700
3016,456,609,502,664
3017,471,978,713,488
3018,795,888,443,853
3019,507,490,478,964
3020,485,488,686,880
3021,684,422,470,530
3022,618,402,418,724
3023,491,549,985,419
3024,775,904,895,986
3025,906,617,773,589
3026,477,791,464,440
3027,727,998,834,537
3028,811,710,562,886
3029,742,869,994,891
3030,839,480,859,563
3031,789,424,945,990
3032,483,405,944,879
3033,971,806,796,569
3034,763,964,643,558
3035,599,598,975,426
3036,738,878,646,597
3037,911,563,716,421
3038,985,990,510,499
3039,424,987,633,860
3040,885,780,887,523
3041,711,725,508,540
3042,901,419,755,781
3043,957,447,785,967
3044,454,516,923,798
3045,448,835,755,878
3046,680,870,478,530
3047,871,763,628,718
3048,809,756,674,445
3049,733,782,537,870
3050,798,582,543,998
3051,750,613,547,801
3052,702,613,950,811
3053,728,464,492,421
3054,744,661,815,837
3055,480,696,801,641
3056,613,898,789,791
3057,552,786,641,775
3058,936,802,431,804
3059,520,578,818,537
3060,804,631,914,537
3061,626,834,710,516
3062,604,436,967,835
3063,786,892,759,756
3064,684,784,436,731
3065,857,935,834,481
3066,723,408,681,917
3067,863,715,717,656
3068,598,763,673,759
3069,941,936,457,847
3070,609,894,963,904
3071,615,719,837,704
3072,494,405,516,923
3073,955,826,564,628
3074,419,402,947,974
3075,700,928,570,403
3076,855,497,959,883
3077,945,943,988,728
3078,449,643,468,890
3079,916,942,906,568
3080,450,496,648,981
3081,601,966,747,930
3082,719,495,647,998
3083,711,505,984,856
3084,883,847,609,496
3085,660,470,882,865
3086,924,422,465,728
3087,876,869,706,993
3088,525,945,790,978
3089,632,882,928,958
3090,900,493,551,546
3091,844,532,701,713
3092,470,540,559,429
3093,763,657,527,592
3094,967,415,498,788
3095,926,451,854,814
3096,472,908,444,931
3097,688,711,587,708
3098,490,914,823,648
3099,733,761,532,707
3100,728,416,845,693
3101,904,651,584,628
3102,810,986,931,961
3103,653,802,923,410
3104,888,926,598,678
3105,632,990,468,808
3106,962,798,702,478
3107,630,957,433,586
3108,559,694,764,602
3109,795,741,751,594
3110,827,636,979,991
3111,541,925,754,563
3112,523,496,616,660
3113,987,774,654,458
3114,613,588,469,598
3115,696,491,717,576
3116,573,622,578,414
3117,654,627,716,751
3118,790,483,710,785
3119,627,599,710,759
3120,918,727,578,444
3121,603,891,675,495
3122,615,817,726,430
3123,829,734,742,418
3124,891,996,814,613
3125,571,453,405,480
3126,506,767,710,838
3127,772,603,640,719
3128,751,403,636,748
3129,539,576,490,951
3130,524,722,873,925
3131,733,917,800,793
3132,848,409,625,931
3133,791,904,807,605
3134,993,758,953,556
3135,853,853,673,756
3136,656,768,456,986
3137,486,789,941,974
3138,415,997,748,767
3139,935,710,554,684
3140,826,888,732,448
3141,516,500,551,973
3142,697,576,895,903
3143,476,909,527,597
3144,598,975,779,578
3145,495,506,833,882
3146,565,673,960,841
3147,608,625,572,874
3148,660,943,423,576
3149,613,502,932,734
3150,804,994,746,821
3151,525,650,681,472
3152,741,996,813,732
3153,667,869,557,691
3154,612,585,971,827
3155,487,706,442,716
3156,646,640,987,703
3157,571,904,821,894
3158,438,883,840,570
3159,756,428,665,603
3160,506,547,730,638
3161,883,826,975,903
3162,989,869,863,855
3163,460,610,818,842
3164,727,550,431,534
3165,539,675,418,660
3166,425,930,626,762
3167,898,413,955,492
3168,679,452,768,450
3169,958,885,804,798
3170,407,713,498,964
3171,579,419,471,854
3172,409,461,491,573
3173,890,761,879,781
3174,588,994,457,880
3175,843,980,499,983
3176,626,886,472,911
3177,819,588,745,686
3178,821,581,953,676
3179,526,643,441,513
3180,795,894,958,708
3181,737,577,906,932
3182,702,753,809,641
3183,689,601,511,723
3184,685,547,731,949
3185,550,491,990,477
3186,500,738,456,449
3187,705,526,734,751
3188,446,952,938,438
3189,724,971,581,436
3190,610,573,560,658
3191,881,959,926,971
3192,870,926,718,500
3193,781,808,491,923
3194,510,918,485,970
3195,587,875,505,807
3196,427,884,788,467
3197,423,571,987,602
3198,808,456,871,791
3199,932,419,787,510
3200,475,680,661,855
3201,810,639,597,954
3202,980,805,729,792
3203,422,677,603,417
3204,736,582,561,538
3205,962,476,836,418
3206,848,747,785,700
3207,837,951,763,875
3208,650,800,582,432
3209,489,858,899,633
3210,527,682,473,810
3211,604,695,567,949
3212,632,578,439,752
3213,788,729,984,485
3214,728,842,514,967
3215,644,516,923,843
3216,449,717,547,852
3217,920,450,910,546
3218,472,602,821,595
3219,435,730,573,977
3220,725,551,673,657
3221,417,799,887,498
3222,963,857,685,688
3223,489,909,855,711
3224,472,572,400,424
3225,533,689,467,655
3226,460,951,705,603
3227,473,864,870,572
3228,498,736,658,569
3229,975,840,405,862
3230,790,818,853,831
3231,514,410,937,866
3232,570,615,499,641
3233,909,660,826,521
3234,751,766,936,883
3235,566,517,766,683
3236,925,539,555,406
3237,691,559,959,914
3238,622,578,503,428
3239,566,824,869,946
3240,596,532,508,860
3241,805,662,974,602
3242,782,939,490,813
3243,553,950,484,726
3244,492,434,583,784
3245,735,594,689,551
3246,824,656,604,626
3247,644,650,402,772
3248,721,749,703,959
3249,706,577,857,558
3250,819,984,921,945
3251,765,579,905,493
3252,657,812,756,458
3253,499,738,942,617
3254,555,894,872,511
3255,411,478,952,555
3256,970,421,831,912
3257,469,527,709,643
3258,438,960,714,509
3259,708,486,645,676
3260,420,780,661,588
3261,432,937,859,627
3262,702,522,577,911
3263,589,829,835,566
3264,947,799,892,673
3265,699,576,846,988
3266,584,743,774,875
3267,553,757,448,446
3268,995,459,493,433
3269,455,733,513,563
3270,790,482,839,406
3271,534,420,992,780
3272,947,749,404,955
3273,978,441,996,428
3274,539,967,833,893
3275,712,458,769,536
3276,891,840,530,597
3277,410,695,963,741
3278,459,916,563,628
3279,867,442,416,904
3280,891,452,661,619
3281,681,432,537,887
3282,539,861,867,834
3283,522,425,768,563
3284,774,427,747,542
3285,868,475,619,688
3286,484,449,487,419
3287,683,869,669,829
3288,527,455,531,636
3289,518,559,967,929
3290,969,897,469,973
3291,782,495,662,737
3292,918,867,646,479
3293,556,945,839,976
3294,477,704,478,537
3295,481,953,745,918
3296,722,758,702,958
3297,630,981,726,468
3298,947,581,464,959
3299,477,728,443,404
3300,418,902,834,802
3301,470,933,427,454
3302,639,871,984,501
3303,698,650,552,755
3304,462,450,534,865
3305,731,970,991,401
3306,545,577,942,954
3307,622,990,574,466
3308,971,465,756,636
3309,930,510,709,757
3310,433,538,497,892
3311,528,559,445,757
3312,595,897,578,564
3313,554,773,486,609
3314,758,445,830,914
3315,690,756,870,782
3316,698,476,769,976
3317,587,810,766,693
3318,996,734,650,417
3319,776,918,621,818
3320,884,889,542,841
3321,736,842,673,666
3322,426,409,798,937
3323,941,999,592,618
3324,861,550,471,701
3325,928,489,859,555
3326,553,880,740,837
3327,713,778,770,921
3328,533,673,613,768
3329,440,559,679,968
3330,645,561,488,494
3331,804,607,701,878
3332,536,404,795,582
3333,799,991,839,896
3334,813,846,443,734
3335,472,532,857,867
3336,934,530,882,594
3337,419,602,974,670
3338,852,706,722,572
3339,787,705,798,455
3340,851,962,805,655
3341,933,551,840,721
3342,995,455,822,419
3343,664,841,910,850
3344,848,885,764,809
3345,788,641,860,830
3346,686,801,646,507
3347,587,710,667,505
3348,566,775,449,915
3349,439,470,945,532
3350,418,661,732,898
3351,936,411,789,458
3352,783,858,852,923
3353,519,549,994,737
3354,574,727,742,726
3355,852,521,627,694
3356,445,596,940,603
3357,868,787,787,470
3358,712,628,750,528
3359,400,668,564,505
3360,631,675,525,868
3361,633,453,767,435
3362,465,652,698,590
3363,995,997,926,640
3364,676,661,424,680
3365,940,595,863,903
3366,781,960,474,487
3367,841,543,965,707
3368,679,666,428,472
3369,812,785,732,868
3370,475,516,667,527
3371,929,821,773,603
3372,597,433,524,874
3373,533,544,820,774
3374,794,512,651,433
3375,995,964,680,974
3376,630,668,542,956
3377,770,904,632,967
3378,785,445,467,979
3379,847,673,477,660
3380,852,525,863,738
3381,635,583,759,569
3382,940,947,786,804
3383,905,930,742,865
3384,956,894,509,640
3385,822,443,808,542
3386,764,675,752,967
3387,623,968,686,706
3388,826,814,963,704
3389,724,746,734,930
3390,991,440,728,576
3391,698,561,994,670
3392,911,915,875,613
3393,560,579,412,626
3394,521,872,668,501
3395,509,669,557,536
3396,697,893,873,994
3397,722,716,674,999
3398,532,882,811,943
3399,952,453,631,946
3400,936,630,520,983
3401,808,879,948,744
3402,547,499,615,867
3403,486,989,768,686
3404,744,785,925,781
3405,598,525,717,546
3406,556,400,538,483
3407,747,793,660,595
3408,995,484,511,547
3409,690,472,899,796
3410,667,715,583,524
3411,416,635,881,404
3412,915,494,934,769
3413,733,405,840,954
3414,665,597,985,673
3415,540,963,503,473
3416,498,489,687,468
3417,528,594,400,721
3418,494,451,626,687
3419,932,458,714,530
3420,964,801,523,874
3421,674,864,669,976
3422,611,890,907,879
3423,657,943,524,838
3424,691,988,698,963
3425,895,964,569,740
3426,777,993,853,483
3427,566,540,404,872
3428,844,607,739,656
3429,617,933,679,766
3430,921,446,666,881
3431,414,772,795,850
3432,805,633,913,651
3433,540,507,826,781
3434,821,406,529,664
3435,628,676,581,534
3436,986,989,638,946
3437,788,805,804,522
3438,768,548,745,792
3439,676,536,932,659
3440,784,574,973,605
3441,734,950,527,753
3442,935,584,558,621
3443,514,417,954,534
3444,774,817,754,834
3445,488,729,428,951
3446,733,879,889,768
3447,981,610,510,706
3448,555,769,950,739
3449,499,411,810,452
3450,645,639,716,425
3451,587,711,874,604
3452,428,945,417,609
3453,411,520,472,664
3454,547,611,567,838
3455,415,589,429,828
3456,813,994,478,400
3457,936,900,426,573
3458,664,747,789,815
3459,733,805,562,596
3460,672,716,927,432
3461,575,759,698,634
3462,499,768,438,627
3463,472,520,510,771
3464,988,809,423,850
3465,596,912,484,749
3466,430,731,957,762
3467,618,865,612,475
3468,945,774,967,406
3469,687,435,518,964
3470,814,467,813,584
3471,502,567,752,477
3472,559,833,612,812
3473,831,613,767,620
3474,990,997,998,648
3475,922,524,868,909
3476,556,791,444,857
3477,694,948,429,850
3478,930,440,840,835
3479,754,437,707,527
3480,757,714,798,443
3481,644,472,862,628
3482,452,519,719,708
3483,640,850,697,775
3484,649,717,604,746
3485,959,623,533,527
3486,622,435,860,421
3487,835,601,727,936
3488,689,537,985,637
3489,953,832,990,991
3490,563,820,909,758
3491,708,542,629,628
3492,509,424,721,950
3493,907,530,597,737
3494,681,607,963,648
3495,672,453,455,838
3496,748,650,902,697
3497,639,544,859,401
3498,753,909,440,520
3499,403,829,747,740
3500,621,620,645,422
3501,963,728,648,497
3502,422,765,700,942
3503,447,677,729,723
3504,549,747,724,655
3505,749,529,401,794
3506,596,904,407,671
3507,956,592,567,521
3508,745,922,490,566
3509,466,781,794,893
3510,960,997,476,804
3511,714,494,817,771
3512,842,842,832,600
3513,997,667,816,651
3514,530,750,567,867
3515,698,475,868,571
3516,548,702,817,676
3517,517,521,917,848
3518,487,919,956,455
3519,659,546,994,814
3520,601,788,645,695
3521,790,860,731,533
3522,701,627,710,473
3523,704,588,689,962
3524,906,937,974,445
3525,650,548,613,816
3526,757,616,566,826
3527,451,689,788,937
3528,694,835,406,727
3529,726,790,667,684
3530,559,657,561,840
3531,866,400,415,923
3532,630,535,936,964
3533,698,946,681,430
3534,695,748,749,441
3535,422,725,651,715
3536,723,866,790,905
3537,958,419,714,812
3538,480,528,609,700
3539,697,411,829,468
3540,924,918,540,727
3541,445,716,566,545
3542,958,466,400,708
3543,552,780,563,680
3544,545,975,700,586
3545,572,445,805,418
3546,426,509,887,804
3547,503,444,560,801
3548,622,644,680,780
3549,748,525,958,632
3550,573,715,722,865
3551,586,712,847,956
3552,535,575,408,556
3553,712,418,447,664
3554,761,621,449,611
3555,810,567,499,532
3556,944,713,530,474
3557,980,598,517,606
3558,937,963,722,653
3559,992,515,417,785
3560,561,964,927,968
3561,470,599,947,852
3562,647,603,612,900
3563,473,847,484,750
3564,971,970,656,685
3565,570,994,857,494
3566,971,407,529,601
3567,645,923,586,874
3568,571,526,470,580
3569,628,623,828,970
3570,613,453,820,438
3571,483,600,755,863
3572,549,427,817,726
3573,593,582,695,409
3574,479,449,784,551
3575,676,652,649,657
3576,514,659,549,981
3577,543,695,940,781
3578,483,602,809,690
3579,545,904,807,720
3580,599,859,961,856
3581,496,724,886,736
3582,898,911,436,911
3583,986,442,515,857
3584,662,943,620,631
3585,671,705,728,887
3586,840,472,672,431
3587,724,850,655,412
3588,758,899,725,428
3589,475,913,495,459
3590,730,928,784,585
3591,835,405,841,669
3592,667,653,461,678
3593,805,423,876,423
3594,578,860,446,475
3595,429,595,759,799
3596,438,911,422,525
3597,802,653,690,887
3598,547,977,839,969
3599,433,865,756,436
3600,408,457,430,658
3601,471,895,964,479
3602,984,602,646,734
3603,462,475,444,672
3604,624,428,944,765
3605,913,783,651,989
3606,631,879,914,565
3607,518,514,636,568
3608,764,787,619,917
3609,907,532,650,897
3610,909,532,780,785
3611,835,799,949,552
3612,808,914,530,725
3613,830,527,887,708
3614,453,745,566,761
3615,805,470,790,698
3616,876,765,921,458
3617,781,858,520,887
3618,478,488,812,661
3619,681,660,875,593
3620,996,934,581,902
3621,543,694,557,595
3622,549,765,896,995
3623,427,616,446,919
3624,970,426,712,608
3625,632,945,648,810
3626,941,808,416,455
3627,467,840,697,574
3628,997,463,751,976
3629,655,936,624,985
3630,769,768,679,490
3631,951,447,839,988
3632,746,888,413,889
3633,652,820,860,409
3634,744,956,427,682
3635,692,545,984,721
3636,575,614,595,957
3637,805,788,841,818
3638,712,891,931,554
3639,402,638,670,726
3640,816,783,761,718
3641,570,401,809,852
3642,427,535,582,685
3643,669,548,444,795
3644,669,850,784,678
3645,976,690,909,927
3646,751,794,824,608
3647,524,852,597,647
3648,782,520,925,785
3649,733,887,450,861
3650,524,822,821,856
3651,521,792,964,988
3652,626,408,964,747
3653,580,695,699,979
3654,817,928,777,433
3655,603,856,976,579
3656,807,552,887,948
3657,792,988,765,892
3658,889,955,520,732
3659,615,835,892,562
3660,456,764,667,562
3661,487,774,928,579
3662,612,814,772,893
3663,548,683,445,807
3664,638,553,828,837
3665,529,938,922,819
3666,983,721,943,410
3667,935,682,872,658
3668,770,846,607,472
3669,574,666,636,636
3670,806,596,546,773
3671,506,488,553,843
3672,984,625,805,609
3673,920,447,446,504
3674,785,740,915,750
3675,548,444,461,918
3676,639,717,857,474
3677,968,785,582,453
3678,921,872,943,779
3679,516,448,737,610
3680,801,924,589,454
3681,885,410,688,416
3682,778,866,475,447
3683,801,719,542,537
3684,668,957,689,626
3685,784,955,676,763
3686,587,473,964,595
3687,782,897,407,532
3688,667,498,572,608
3689,574,589,438,880
3690,928,724,405,622
3691,479,780,446,868
3692,440,836,546,439
3693,941,704,809,768
3694,852,556,490,926
3695,538,781,678,442
3696,757,976,883,773
3697,411,886,539,454
3698,540,892,622,646
3699,974,845,700,853
3700,516,554,808,750
3701,646,826,800,477
3702,941,908,518,825
3703,646,472,679,736
3704,800,719,860,434
3705,476,474,745,562
3706,644,601,741,754
3707,589,576,440,573
3708,702,867,980,924
3709,782,411,581,928
3710,590,584,830,794
3711,900,771,565,842
3712,433,590,532,589
3713,455,583,595,438
3714,510,412,915,913
3715,950,401,469,777
3716,529,622,863,603
3717,458,972,954,504
3718,450,772,709,823
3719,786,609,824,837
3720,690,767,978,437
3721,745,958,809,448
3722,460,552,966,806
3723,883,453,634,786
3724,812,586,663,780
3725,665,723,612,748
3726,602,407,811,687
3727,480,535,580,451
3728,934,956,758,666
3729,854,478,652,594
3730,879,994,862,984
3731,900,457,422,833
3732,777,811,590,509
3733,486,970,498,901
3734,564,896,912,567
3735,720,549,747,914
3736,970,796,868,714
3737,810,646,734,536
3738,950,948,427,641
3739,827,585,944,482
3740,823,400,579,974
3741,928,400,958,992
3742,588,555,490,495
3743,647,634,675,784
3744,869,750,694,959
3745,689,736,413,982
3746,746,504,403,572
3747,865,480,468,402
3748,930,509,833,747
3749,950,576,986,690
3750,821,717,525,658
3751,921,562,853,791
3752,638,596,771,671
3753,594,729,891,446
3754,798,552,977,786
3755,664,856,922,779
3756,724,676,562,519
3757,662,681,499,956
3758,966,747,962,566
3759,643,962,821,465
3760,619,420,603,574
3761,860,630,601,676
3762,499,429,890,784
3763,402,877,673,537
3764,673,651,791,635
3765,428,963,925,898
3766,975,885,804,699
3767,872,873,806,453
3768,507,538,693,903
3769,949,972,952,403
3770,986,607,709,935
3771,425,999,494,519
3772,841,533,587,497
3773,969,546,840,511
3774,707,703,799,923
3775,988,914,754,760
3776,555,784,958,825
3777,549,544,846,731
3778,776,701,886,704
3779,643,871,688,588
3780,636,485,433,732
3781,451,872,678,959
3782,688,989,982,580
3783,953,585,927,781
3784,560,548,427,966
3785,822,843,825,471
3786,779,740,498,536
3787,854,659,985,433
3788,735,679,850,721
3789,702,902,896,443
3790,532,898,867,404
3791,697,752,618,441
3792,989,978,918,609
3793,713,697,848,718
3794,426,917,795,609
3795,855,801,545,478
3796,903,774,815,900
3797,613,884,784,420
3798,874,742,865,744
3799,539,644,727,659
3800,758,880,721,762
3801,755,974,853,647
3802,600,730,563,759
3803,752,888,845,858
3804,895,593,501,604
3805,520,856,559,484
3806,441,870,791,684
3807,561,786,492,670
3808,654,518,640,467
3809,956,591,408,951
3810,707,930,756,724
3811,533,572,581,425
3812,470,733,500,786
3813,420,727,680,533
3814,599,717,907,672
3815,620,575,804,500
3816,940,464,800,829
3817,492,771,441,422
3818,807,743,589,707
3819,632,756,995,826
3820,916,540,460,460
3821,974,849,998,553
3822,757,946,743,940
3823,456,743,800,751
3824,623,563,939,966
3825,821,949,478,811
3826,537,663,669,722
3827,577,594,555,812
3828,875,718,673,940
3829,881,410,593,996
3830,613,558,435,878
3831,629,489,557,778
3832,595,512,820,468
3833,801,658,594,628
3834,641,490,476,822
3835,785,420,430,876
3836,683,783,780,649
3837,538,945,612,839
3838,462,508,809,654
3839,936,549,413,830
3840,844,962,569,755
3841,476,648,433,959
3842,869,817,969,691
3843,475,611,905,883
3844,821,849,468,735
3845,838,517,744,590
3846,817,769,515,649
3847,911,737,847,415
3848,687,598,655,753
3849,938,989,731,968
3850,900,674,762,817
3851,839,535,435,557
3852,666,739,903,444
3853,543,538,584,663
3854,473,454,519,963
3855,805,573,506,998
3856,837,647,760,681
3857,736,761,858,662
3858,745,531,902,963
3859,974,725,828,855
3860,786,658,432,838
3861,933,692,832,622
3862,754,876,666,506
3863,637,980,439,843
3864,793,474,532,435
3865,460,828,945,703
3866,991,680,822,691
3867,928,832,502,790
3868,663,603,620,938
3869,995,864,980,592
3870,835,674,741,480
3871,914,732,687,741
3872,733,793,774,534
3873,981,559,547,967
3874,997,733,652,605
3875,749,669,968,906
3876,403,430,751,626
3877,996,917,486,748
3878,581,439,809,549
3879,812,605,793,852
3880,933,813,613,560
3881,796,640,584,976
3882,952,542,990,441
3883,982,443,607,663
3884,650,418,525,911
3885,640,656,826,820
3886,480,695,441,973
3887,495,768,821,956
3888,420,543,695,458
3889,758,954,475,450
3890,520,649,692,856
3891,778,537,954,936
3892,775,474,830,971
3893,654,595,804,967
3894,985,620,497,725
3895,733,770,676,610
3896,942,797,947,592
3897,407,925,504,429
3898,678,778,435,885
3899,973,884,567,470
3900,877,525,831,604
3901,514,571,859,533
3902,605,942,406,774
3903,442,529,402,638
3904,923,483,650,869
3905,661,699,420,663
3906,426,617,762,839
3907,504,808,403,980
3908,674,703,560,647
3909,631,932,656,642
3910,455,672,991,570
3911,750,684,686,787
3912,447,997,824,747
3913,553,862,660,673
3914,845,417,613,580
3915,799,567,637,969
3916,871,895,726,524
3917,585,817,601,936
3918,568,836,831,762
3919,552,411,898,606
3920,702,539,944,590
3921,879,728,443,822
3922,524,773,862,587
3923,941,962,524,826
3924,614,534,865,630
3925,794,530,712,552
3926,971,950,621,700
3927,477,986,479,687
3928,429,765,645,418
3929,546,881,441,711
3930,926,407,714,820
3931,539,467,985,708
3932,588,983,811,649
3933,617,609,662,417
3934,783,945,741,948
3935,920,535,507,879
3936,815,738,458,944
3937,785,932,934,759
3938,510,414,401,573
